,lexisCite,term,justice,justiceName,direction,majority,majVotes,minVotes,issueArea,decisionDirection,caseOriginState,precedentAlteration,lawType
58811,1991 U.S. LEXIS 7062,1991,108,CThomas,1,2,9,0,9,1,12,0,5
58946,1992 U.S. LEXIS 378,1991,108,CThomas,1,2,9,0,1,1,17,0,2
59090,1992 U.S. LEXIS 1536,1991,108,CThomas,1,1,8,1,3,2,9,0,2
59099,1992 U.S. LEXIS 1535,1991,108,CThomas,2,2,9,0,8,2,27,0,1
59243,1992 U.S. LEXIS 2115,1991,108,CThomas,2,2,9,0,4,2,6,0,2
59279,1992 U.S. LEXIS 2549,1991,108,CThomas,2,2,9,0,10,2,20,0,6
59342,1992 U.S. LEXIS 2703,1991,108,CThomas,1,1,5,4,4,2,22,0,2
59351,1992 U.S. LEXIS 2701,1991,108,CThomas,1,1,7,2,1,2,33,0,2
59414,1992 U.S. LEXIS 3123,1991,108,CThomas,1,2,8,1,8,1,39,1,2
59423,1992 U.S. LEXIS 3253,1991,108,CThomas,1,2,8,1,8,1,1,0,1
59477,1992 U.S. LEXIS 3403,1991,108,CThomas,1,1,5,4,1,2,12,0,2
59513,1992 U.S. LEXIS 3541,1991,108,CThomas,2,2,9,0,9,2,31,0,2
59540,1992 U.S. LEXIS 3548,1991,108,CThomas,1,1,6,3,1,2,17,0,2
59558,1992 U.S. LEXIS 3682,1991,108,CThomas,2,1,5,4,8,1,35,0,1
59567,1992 U.S. LEXIS 3688,1991,108,CThomas,2,2,8,1,8,2,6,0,2
59576,1992 U.S. LEXIS 3687,1991,108,CThomas,2,2,7,2,2,2,13,0,2
59585,1992 U.S. LEXIS 3685,1991,108,CThomas,1,2,7,2,8,1,19,0,1
59621,1992 U.S. LEXIS 3694,1991,108,CThomas,2,2,6,3,8,2,58,0,6
59666,1992 U.S. LEXIS 3863,1991,108,CThomas,2,2,9,0,3,2,28,0,2
59675,1992 U.S. LEXIS 3696,1991,108,CThomas,1,2,7,2,4,1,6,0,2
59783,1992 U.S. LEXIS 4537,1991,108,CThomas,1,2,6,2,4,1,48,0,2
59792,1992 U.S. LEXIS 4750,1991,108,CThomas,2,2,6,3,1,2,12,0,2
59819,1992 U.S. LEXIS 7011,1992,108,CThomas,1,2,8,0,9,1,31,0,5
60071,1993 U.S. LEXIS 1781,1992,108,CThomas,1,2,7,2,1,1,27,0,6
60080,1993 U.S. LEXIS 1778,1992,108,CThomas,2,2,8,1,8,2,50,0,1
60260,1993 U.S. LEXIS 2555,1992,108,CThomas,2,2,9,0,2,2,23,0,6
60368,1993 U.S. LEXIS 3125,1992,108,CThomas,2,2,9,0,10,2,16,0,6
60458,1993 U.S. LEXIS 3191,1992,108,CThomas,2,2,9,0,3,2,46,0,2
60521,1993 U.S. LEXIS 3741,1992,108,CThomas,2,2,9,0,1,2,22,0,2
60566,1993 U.S. LEXIS 4018,1992,108,CThomas,1,2,9,0,1,1,28,0,2
60620,1993 U.S. LEXIS 4024,1992,108,CThomas,1,2,9,0,3,1,58,0,2
60710,1993 U.S. LEXIS 4212,1992,108,CThomas,2,2,7,2,10,2,55,0,8
60773,1993 U.S. LEXIS 4398,1992,108,CThomas,1,2,5,4,1,1,51,0,2
60800,1993 U.S. LEXIS 4403,1992,108,CThomas,2,2,6,3,8,2,57,0,2
60854,1993 U.S. LEXIS 4405,1992,108,CThomas,1,1,5,4,1,2,10,1,2
61077,1994 U.S. LEXIS 1869,1993,108,CThomas,1,2,7,2,2,1,52,0,6
61078,1994 U.S. LEXIS 1869,1993,109,RBGinsburg,1,2,7,2,2,1,52,0,6
61086,1994 U.S. LEXIS 1870,1993,108,CThomas,2,1,7,2,10,1,22,0,3
61087,1994 U.S. LEXIS 1870,1993,109,RBGinsburg,1,2,7,2,10,1,22,0,3
61149,1994 U.S. LEXIS 2490,1993,108,CThomas,1,2,7,2,1,1,32,0,2
61150,1994 U.S. LEXIS 2490,1993,109,RBGinsburg,1,2,7,2,1,1,32,0,2
61176,1994 U.S. LEXIS 2659,1993,108,CThomas,1,2,7,2,8,1,43,0,1
61177,1994 U.S. LEXIS 2659,1993,109,RBGinsburg,1,2,7,2,8,1,43,0,1
61194,1994 U.S. LEXIS 3121,1993,108,CThomas,1,1,6,3,2,2,1,0,2
61195,1994 U.S. LEXIS 3121,1993,109,RBGinsburg,2,2,6,3,2,2,1,0,2
61257,1994 U.S. LEXIS 3293,1993,108,CThomas,2,2,9,0,1,2,6,0,2
61258,1994 U.S. LEXIS 3293,1993,109,RBGinsburg,2,2,9,0,1,2,6,0,2
61311,1994 U.S. LEXIS 3477,1993,108,CThomas,1,2,6,3,8,1,37,0,1
61312,1994 U.S. LEXIS 3477,1993,109,RBGinsburg,1,2,6,3,8,1,37,0,1
61383,1994 U.S. LEXIS 3774,1993,108,CThomas,1,2,9,0,8,1,30,0,1
61384,1994 U.S. LEXIS 3774,1993,109,RBGinsburg,1,2,9,0,8,1,30,0,1
61419,1994 U.S. LEXIS 4271,1993,108,CThomas,1,1,7,2,8,2,56,0,3
61420,1994 U.S. LEXIS 4271,1993,109,RBGinsburg,2,2,7,2,8,2,56,0,3
61473,1994 U.S. LEXIS 4585,1993,108,CThomas,1,2,5,4,1,1,42,0,2
61474,1994 U.S. LEXIS 4585,1993,109,RBGinsburg,2,1,5,4,1,1,42,0,2
61500,1994 U.S. LEXIS 4447,1993,108,CThomas,1,2,9,0,2,1,37,0,6
61501,1994 U.S. LEXIS 4447,1993,109,RBGinsburg,1,2,9,0,2,1,37,0,6
61536,1994 U.S. LEXIS 4443,1993,108,CThomas,2,2,7,2,6,2,12,0,2
61537,1994 U.S. LEXIS 4443,1993,109,RBGinsburg,2,2,7,2,6,2,12,0,2
61545,1994 U.S. LEXIS 4640,1993,108,CThomas,1,1,7,2,1,2,48,0,2
61546,1994 U.S. LEXIS 4640,1993,109,RBGinsburg,2,2,7,2,1,2,48,0,2
61554,1994 U.S. LEXIS 4638,1993,108,CThomas,2,2,7,2,8,2,26,0,1
61555,1994 U.S. LEXIS 4638,1993,109,RBGinsburg,2,2,7,2,8,2,26,0,1
61572,1994 U.S. LEXIS 4670,1993,108,CThomas,1,2,9,0,10,1,15,0,3
61573,1994 U.S. LEXIS 4670,1993,109,RBGinsburg,1,2,9,0,10,1,15,0,3
61590,1994 U.S. LEXIS 4642,1993,108,CThomas,1,1,7,2,8,2,6,0,1
61591,1994 U.S. LEXIS 4642,1993,109,RBGinsburg,2,2,7,2,8,2,6,0,1
61608,1994 U.S. LEXIS 4826,1993,108,CThomas,1,2,5,4,4,1,43,0,2
61609,1994 U.S. LEXIS 4826,1993,109,RBGinsburg,2,1,5,4,4,1,43,0,2
61617,1994 U.S. LEXIS 4825,1993,108,CThomas,1,2,7,2,8,1,43,0,2
61618,1994 U.S. LEXIS 4825,1993,109,RBGinsburg,2,1,7,2,8,1,43,0,2
61689,1994 U.S. LEXIS 4830,1993,108,CThomas,1,1,6,3,3,2,37,0,2
61690,1994 U.S. LEXIS 4830,1993,109,RBGinsburg,2,2,6,3,3,2,37,0,2
61698,1994 U.S. LEXIS 5087,1993,108,CThomas,1,1,6,3,5,2,12,0,2
61699,1994 U.S. LEXIS 5087,1993,109,RBGinsburg,2,2,6,3,5,2,12,0,2
61734,1994 U.S. LEXIS 5084,1993,108,CThomas,1,2,8,1,1,1,6,0,2
61735,1994 U.S. LEXIS 5084,1993,109,RBGinsburg,1,2,8,1,1,1,6,0,2
61814,1994 U.S. LEXIS 8789,1994,108,CThomas,1,2,9,0,8,1,13,0,2
61815,1994 U.S. LEXIS 8789,1994,109,RBGinsburg,1,2,9,0,8,1,13,0,2
61816,1994 U.S. LEXIS 8789,1994,110,SGBreyer,1,2,9,0,8,1,13,0,2
61832,1994 U.S. LEXIS 8802,1994,108,CThomas,1,2,9,0,10,1,32,0,6
61833,1994 U.S. LEXIS 8802,1994,109,RBGinsburg,1,2,9,0,10,1,32,0,6
61834,1994 U.S. LEXIS 8802,1994,110,SGBreyer,1,2,9,0,10,1,32,0,6
61877,1995 U.S. LEXIS 690,1994,108,CThomas,1,1,5,3,10,2,17,0,6
61878,1995 U.S. LEXIS 690,1994,109,RBGinsburg,2,2,5,3,10,2,17,0,6
61879,1995 U.S. LEXIS 690,1994,110,SGBreyer,2,2,5,3,10,2,17,0,6
61895,1995 U.S. LEXIS 689,1994,108,CThomas,1,1,7,2,10,2,1,0,6
61896,1995 U.S. LEXIS 689,1994,109,RBGinsburg,2,2,7,2,10,2,1,0,6
61897,1995 U.S. LEXIS 689,1994,110,SGBreyer,2,2,7,2,10,2,1,0,6
61967,1995 U.S. LEXIS 1623,1994,108,CThomas,1,2,8,1,1,1,1,0,2
61968,1995 U.S. LEXIS 1623,1994,109,RBGinsburg,1,2,8,1,1,1,1,0,2
61969,1995 U.S. LEXIS 1623,1994,110,SGBreyer,1,2,8,1,1,1,1,0,2
62003,1995 U.S. LEXIS 1806,1994,108,CThomas,1,2,7,2,1,1,4,0,5
62004,1995 U.S. LEXIS 1806,1994,109,RBGinsburg,2,1,7,2,1,1,4,0,5
62005,1995 U.S. LEXIS 1806,1994,110,SGBreyer,1,2,7,2,1,1,4,0,5
62093,1995 U.S. LEXIS 2544,1994,108,CThomas,1,2,8,1,2,1,6,0,4
62094,1995 U.S. LEXIS 2544,1994,109,RBGinsburg,1,2,8,1,2,1,6,0,4
62095,1995 U.S. LEXIS 2544,1994,110,SGBreyer,1,2,8,1,2,1,6,0,4
62147,1995 U.S. LEXIS 2847,1994,108,CThomas,2,2,7,2,3,2,41,0,2
62148,1995 U.S. LEXIS 2847,1994,109,RBGinsburg,2,2,7,2,3,2,41,0,2
62149,1995 U.S. LEXIS 2847,1994,110,SGBreyer,2,2,7,2,3,2,41,0,2
62255,1995 U.S. LEXIS 3182,1994,108,CThomas,2,2,9,0,4,2,41,0,1
62256,1995 U.S. LEXIS 3182,1994,109,RBGinsburg,2,2,9,0,4,2,41,0,1
62257,1995 U.S. LEXIS 3182,1994,110,SGBreyer,2,2,9,0,4,2,41,0,1
62273,1995 U.S. LEXIS 3487,1994,108,CThomas,1,1,5,4,10,2,5,0,1
62274,1995 U.S. LEXIS 3487,1994,109,RBGinsburg,2,2,5,4,10,2,5,0,1
62275,1995 U.S. LEXIS 3487,1994,110,SGBreyer,2,2,5,4,10,2,5,0,1
62282,1995 U.S. LEXIS 3464,1994,108,CThomas,2,2,9,0,1,2,5,0,2
62283,1995 U.S. LEXIS 3464,1994,109,RBGinsburg,2,2,9,0,1,2,5,0,2
62284,1995 U.S. LEXIS 3464,1994,110,SGBreyer,2,2,9,0,1,2,5,0,2
62480,1995 U.S. LEXIS 4050,1994,108,CThomas,2,2,9,0,3,2,26,0,2
62481,1995 U.S. LEXIS 4050,1994,109,RBGinsburg,2,2,9,0,3,2,26,0,2
62482,1995 U.S. LEXIS 4050,1994,110,SGBreyer,2,2,9,0,3,2,26,0,2
62489,1995 U.S. LEXIS 4049,1994,108,CThomas,1,2,9,0,9,1,42,0,3
62490,1995 U.S. LEXIS 4049,1994,109,RBGinsburg,1,2,9,0,9,1,42,0,3
62491,1995 U.S. LEXIS 4049,1994,110,SGBreyer,1,2,9,0,9,1,42,0,3
62777,1996 U.S. LEXIS 1379,1995,108,CThomas,1,2,9,0,8,1,38,1,1
62778,1996 U.S. LEXIS 1379,1995,109,RBGinsburg,1,2,9,0,8,1,38,1,1
62779,1996 U.S. LEXIS 1379,1995,110,SGBreyer,1,2,9,0,8,1,38,1,1
62822,1996 U.S. LEXIS 1552,1995,108,CThomas,1,2,9,0,8,1,17,0,6
62823,1996 U.S. LEXIS 1552,1995,109,RBGinsburg,1,2,9,0,8,1,17,0,6
62824,1996 U.S. LEXIS 1552,1995,110,SGBreyer,1,2,9,0,8,1,17,0,6
62849,1996 U.S. LEXIS 1565,1995,108,CThomas,1,2,5,4,4,1,27,0,2
62850,1996 U.S. LEXIS 1565,1995,109,RBGinsburg,1,2,5,4,4,1,27,0,2
62851,1996 U.S. LEXIS 1565,1995,110,SGBreyer,2,1,5,4,4,1,27,0,2
62966,1996 U.S. LEXIS 2649,1995,108,CThomas,2,2,9,0,4,2,42,0,2
62967,1996 U.S. LEXIS 2649,1995,109,RBGinsburg,2,2,9,0,4,2,42,0,2
62968,1996 U.S. LEXIS 2649,1995,110,SGBreyer,2,2,9,0,4,2,42,0,2
63038,1996 U.S. LEXIS 3390,1995,108,CThomas,2,1,5,4,8,1,1,0,2
63039,1996 U.S. LEXIS 3390,1995,109,RBGinsburg,2,1,5,4,8,1,1,0,2
63040,1996 U.S. LEXIS 3390,1995,110,SGBreyer,1,2,5,4,8,1,1,0,2
63047,1996 U.S. LEXIS 3245,1995,108,CThomas,1,1,6,3,5,2,7,0,2
63048,1996 U.S. LEXIS 3245,1995,109,RBGinsburg,2,2,6,3,5,2,7,0,2
63049,1996 U.S. LEXIS 3245,1995,110,SGBreyer,2,2,6,3,5,2,7,0,2
63065,1996 U.S. LEXIS 3244,1995,108,CThomas,1,1,8,1,10,2,31,0,6
63066,1996 U.S. LEXIS 3244,1995,109,RBGinsburg,2,2,8,1,10,2,31,0,6
63067,1996 U.S. LEXIS 3244,1995,110,SGBreyer,2,2,8,1,10,2,31,0,6
63092,1996 U.S. LEXIS 3594,1995,108,CThomas,1,2,9,0,9,1,6,0,6
63093,1996 U.S. LEXIS 3594,1995,109,RBGinsburg,1,2,9,0,9,1,6,0,6
63094,1996 U.S. LEXIS 3594,1995,110,SGBreyer,1,2,9,0,9,1,6,0,6
63119,1996 U.S. LEXIS 3721,1995,108,CThomas,2,2,9,0,4,2,1,0,2
63120,1996 U.S. LEXIS 3721,1995,109,RBGinsburg,2,2,9,0,4,2,1,0,2
63121,1996 U.S. LEXIS 3721,1995,110,SGBreyer,2,2,9,0,4,2,1,0,2
63200,1996 U.S. LEXIS 3878,1995,108,CThomas,1,2,5,4,4,1,31,0,2
63201,1996 U.S. LEXIS 3878,1995,109,RBGinsburg,1,2,5,4,4,1,31,0,2
63202,1996 U.S. LEXIS 3878,1995,110,SGBreyer,2,1,5,4,4,1,31,0,2
63389,1996 U.S. LEXIS 4268,1995,108,CThomas,1,2,7,2,1,1,45,0,2
63390,1996 U.S. LEXIS 4268,1995,109,RBGinsburg,2,1,7,2,1,1,45,0,2
63391,1996 U.S. LEXIS 4268,1995,110,SGBreyer,1,2,7,2,1,1,45,0,2
63434,1996 U.S. LEXIS 6971,1996,108,CThomas,1,2,8,1,1,1,41,0,2
63435,1996 U.S. LEXIS 6971,1996,109,RBGinsburg,1,2,8,1,1,1,41,0,2
63436,1996 U.S. LEXIS 6971,1996,110,SGBreyer,1,2,8,1,1,1,41,0,2
63479,1996 U.S. LEXIS 7647,1996,108,CThomas,1,1,6,3,2,2,29,0,2
63480,1996 U.S. LEXIS 7647,1996,109,RBGinsburg,2,2,6,3,2,2,29,0,2
63481,1996 U.S. LEXIS 7647,1996,110,SGBreyer,2,2,6,3,2,2,29,0,2
63488,1996 U.S. LEXIS 7648,1996,108,CThomas,1,2,9,0,9,1,13,0,3
63489,1996 U.S. LEXIS 7648,1996,109,RBGinsburg,1,2,9,0,9,1,13,0,3
63490,1996 U.S. LEXIS 7648,1996,110,SGBreyer,1,2,9,0,9,1,13,0,3
63560,1997 U.S. LEXIS 692,1996,108,CThomas,2,2,8,1,8,2,41,0,1
63561,1997 U.S. LEXIS 692,1996,109,RBGinsburg,2,2,8,1,8,2,41,0,1
63562,1997 U.S. LEXIS 692,1996,110,SGBreyer,2,2,8,1,8,2,41,0,1
63614,1997 U.S. LEXIS 1271,1996,108,CThomas,1,2,7,2,1,1,25,0,2
63615,1997 U.S. LEXIS 1271,1996,109,RBGinsburg,1,2,7,2,1,1,25,0,2
63616,1997 U.S. LEXIS 1271,1996,110,SGBreyer,1,2,7,2,1,1,25,0,2
63695,1997 U.S. LEXIS 1490,1996,108,CThomas,1,2,9,0,9,1,1,0,5
63696,1997 U.S. LEXIS 1490,1996,109,RBGinsburg,1,2,9,0,9,1,1,0,5
63697,1997 U.S. LEXIS 1490,1996,110,SGBreyer,1,2,9,0,9,1,1,0,5
63803,1997 U.S. LEXIS 2794,1996,108,CThomas,1,2,9,0,1,1,58,0,2
63804,1997 U.S. LEXIS 2794,1996,109,RBGinsburg,1,2,9,0,1,1,58,0,2
63805,1997 U.S. LEXIS 2794,1996,110,SGBreyer,1,2,9,0,1,1,58,0,2
63875,1997 U.S. LEXIS 3227,1996,108,CThomas,1,1,5,4,8,2,23,0,1
63876,1997 U.S. LEXIS 3227,1996,109,RBGinsburg,1,1,5,4,8,2,23,0,1
63877,1997 U.S. LEXIS 3227,1996,110,SGBreyer,2,2,5,4,8,2,23,0,1
64001,1997 U.S. LEXIS 3547,1996,108,CThomas,1,2,9,0,10,1,16,0,3
64002,1997 U.S. LEXIS 3547,1996,109,RBGinsburg,1,2,9,0,10,1,16,0,3
64003,1997 U.S. LEXIS 3547,1996,110,SGBreyer,1,2,9,0,10,1,16,0,3
64127,1997 U.S. LEXIS 3999,1996,108,CThomas,1,2,5,4,4,1,20,0,2
64128,1997 U.S. LEXIS 3999,1996,109,RBGinsburg,2,1,5,4,4,1,20,0,2
64129,1997 U.S. LEXIS 3999,1996,110,SGBreyer,2,1,5,4,4,1,20,0,2
64316,1997 U.S. LEXIS 7494,1997,108,CThomas,1,2,8,1,9,1,1,0,6
64317,1997 U.S. LEXIS 7494,1997,109,RBGinsburg,1,2,8,1,9,1,1,0,6
64318,1997 U.S. LEXIS 7494,1997,110,SGBreyer,1,2,8,1,9,1,1,0,6
64424,1998 U.S. LEXIS 637,1997,108,CThomas,1,2,6,3,8,1,37,0,1
64425,1998 U.S. LEXIS 637,1997,109,RBGinsburg,2,1,6,3,8,1,37,0,1
64426,1998 U.S. LEXIS 637,1997,110,SGBreyer,1,2,6,3,8,1,37,0,1
64469,1998 U.S. LEXIS 837,1997,108,CThomas,1,2,9,0,8,1,12,0,2
64470,1998 U.S. LEXIS 837,1997,109,RBGinsburg,1,2,9,0,8,1,12,0,2
64471,1998 U.S. LEXIS 837,1997,110,SGBreyer,1,2,9,0,8,1,12,0,2
64712,1998 U.S. LEXIS 2787,1997,108,CThomas,1,1,7,2,2,2,22,0,1
64713,1998 U.S. LEXIS 2787,1997,109,RBGinsburg,2,2,7,2,2,2,22,0,1
64714,1998 U.S. LEXIS 2787,1997,110,SGBreyer,2,2,7,2,2,2,22,0,1
64721,1998 U.S. LEXIS 2785,1997,108,CThomas,1,2,9,0,8,1,12,0,6
64722,1998 U.S. LEXIS 2785,1997,109,RBGinsburg,1,2,9,0,8,1,12,0,6
64723,1998 U.S. LEXIS 2785,1997,110,SGBreyer,1,2,9,0,8,1,12,0,6
64757,1998 U.S. LEXIS 2965,1997,108,CThomas,1,2,9,0,12,1,45,0,6
64758,1998 U.S. LEXIS 2965,1997,109,RBGinsburg,1,2,9,0,12,1,45,0,6
64759,1998 U.S. LEXIS 2965,1997,110,SGBreyer,1,2,9,0,12,1,45,0,6
64973,1998 U.S. LEXIS 3878,1997,108,CThomas,1,2,9,0,1,1,36,0,1
64974,1998 U.S. LEXIS 3878,1997,109,RBGinsburg,1,2,9,0,1,1,36,0,1
64975,1998 U.S. LEXIS 3878,1997,110,SGBreyer,1,2,9,0,1,1,36,0,1
65063,1998 U.S. LEXIS 4037,1997,108,CThomas,1,2,5,4,1,1,45,0,2
65064,1998 U.S. LEXIS 4037,1997,109,RBGinsburg,2,1,5,4,1,1,45,0,2
65065,1998 U.S. LEXIS 4037,1997,110,SGBreyer,2,1,5,4,1,1,45,0,2
65135,1998 U.S. LEXIS 4218,1997,108,CThomas,1,2,5,4,1,1,6,0,2
65136,1998 U.S. LEXIS 4218,1997,109,RBGinsburg,2,1,5,4,1,1,6,0,2
65137,1998 U.S. LEXIS 4218,1997,110,SGBreyer,1,2,5,4,1,1,6,0,2
65207,1998 U.S. LEXIS 7844,1998,108,CThomas,1,2,6,3,1,1,28,0,2
65208,1998 U.S. LEXIS 7844,1998,109,RBGinsburg,2,1,6,3,1,1,28,0,2
65209,1998 U.S. LEXIS 7844,1998,110,SGBreyer,1,2,6,3,1,1,28,0,2
65216,1998 U.S. LEXIS 8068,1998,108,CThomas,2,2,9,0,1,2,19,0,2
65217,1998 U.S. LEXIS 8068,1998,109,RBGinsburg,2,2,9,0,1,2,19,0,2
65218,1998 U.S. LEXIS 8068,1998,110,SGBreyer,2,2,9,0,1,2,19,0,2
65477,1999 U.S. LEXIS 2144,1998,108,CThomas,1,2,8,0,7,1,41,0,2
65478,1999 U.S. LEXIS 2144,1998,109,RBGinsburg,1,2,8,0,7,1,41,0,2
65479,1999 U.S. LEXIS 2144,1998,110,SGBreyer,1,2,8,0,7,1,41,0,2
65486,1999 U.S. LEXIS 2181,1998,108,CThomas,1,2,8,1,2,1,12,0,4
65487,1999 U.S. LEXIS 2181,1998,109,RBGinsburg,1,2,8,1,2,1,12,0,4
65488,1999 U.S. LEXIS 2181,1998,110,SGBreyer,1,2,8,1,2,1,12,0,4
65504,1999 U.S. LEXIS 2188,1998,108,CThomas,1,2,9,0,8,1,1,0,1
65505,1999 U.S. LEXIS 2188,1998,109,RBGinsburg,1,2,9,0,8,1,1,0,1
65506,1999 U.S. LEXIS 2188,1998,110,SGBreyer,1,2,9,0,8,1,1,0,1
65558,1999 U.S. LEXIS 2347,1998,108,CThomas,1,2,6,3,1,1,59,0,2
65559,1999 U.S. LEXIS 2347,1998,109,RBGinsburg,2,1,6,3,1,1,59,0,2
65560,1999 U.S. LEXIS 2347,1998,110,SGBreyer,1,2,6,3,1,1,59,0,2
65666,1999 U.S. LEXIS 3172,1998,108,CThomas,1,2,7,2,1,1,12,0,2
65667,1999 U.S. LEXIS 3172,1998,109,RBGinsburg,2,1,7,2,1,1,12,0,2
65668,1999 U.S. LEXIS 3172,1998,110,SGBreyer,1,2,7,2,1,1,12,0,2
65792,1999 U.S. LEXIS 4005,1998,108,CThomas,1,1,6,3,4,2,17,0,2
65793,1999 U.S. LEXIS 4005,1998,109,RBGinsburg,2,2,6,3,4,2,17,0,2
65794,1999 U.S. LEXIS 4005,1998,110,SGBreyer,2,2,6,3,4,2,17,0,2
65801,1999 U.S. LEXIS 4006,1998,108,CThomas,2,2,9,0,1,2,55,0,2
65802,1999 U.S. LEXIS 4006,1998,109,RBGinsburg,2,2,9,0,1,2,55,0,2
65803,1999 U.S. LEXIS 4006,1998,110,SGBreyer,2,2,9,0,1,2,55,0,2
65900,1999 U.S. LEXIS 4200,1998,108,CThomas,1,2,7,0,1,1,25,0,2
65901,1999 U.S. LEXIS 4200,1998,109,RBGinsburg,1,2,7,0,1,1,25,0,2
65981,1999 U.S. LEXIS 4374,1998,108,CThomas,1,2,5,4,10,1,23,0,2
65982,1999 U.S. LEXIS 4374,1998,109,RBGinsburg,2,1,5,4,10,1,23,0,2
65983,1999 U.S. LEXIS 4374,1998,110,SGBreyer,2,1,5,4,10,1,23,0,2
66116,2000 U.S. LEXIS 497,1999,108,CThomas,1,2,9,0,1,1,37,0,6
66117,2000 U.S. LEXIS 497,1999,109,RBGinsburg,1,2,9,0,1,1,37,0,6
66118,2000 U.S. LEXIS 497,1999,110,SGBreyer,1,2,9,0,1,1,37,0,6
66125,2000 U.S. LEXIS 504,1999,108,CThomas,1,2,5,4,1,1,17,0,2
66126,2000 U.S. LEXIS 504,1999,109,RBGinsburg,2,1,5,4,1,1,17,0,2
66127,2000 U.S. LEXIS 504,1999,110,SGBreyer,2,1,5,4,1,1,17,0,2
66143,2000 U.S. LEXIS 502,1999,108,CThomas,1,2,9,0,1,1,6,0,2
66144,2000 U.S. LEXIS 502,1999,109,RBGinsburg,1,2,9,0,1,1,6,0,2
66145,2000 U.S. LEXIS 502,1999,110,SGBreyer,1,2,9,0,1,1,6,0,2
66233,2000 U.S. LEXIS 1010,1999,108,CThomas,1,2,9,0,8,1,6,0,2
66234,2000 U.S. LEXIS 1010,1999,109,RBGinsburg,1,2,9,0,8,1,6,0,2
66235,2000 U.S. LEXIS 1010,1999,110,SGBreyer,1,2,9,0,8,1,6,0,2
66359,2000 U.S. LEXIS 2345,1999,108,CThomas,2,2,9,0,1,2,12,0,2
66360,2000 U.S. LEXIS 2345,1999,109,RBGinsburg,2,2,9,0,1,2,12,0,2
66361,2000 U.S. LEXIS 2345,1999,110,SGBreyer,2,2,9,0,1,2,12,0,2
66368,2000 U.S. LEXIS 2347,1999,108,CThomas,1,2,6,3,3,1,45,0,2
66369,2000 U.S. LEXIS 2347,1999,109,RBGinsburg,2,1,6,3,3,1,45,0,2
66370,2000 U.S. LEXIS 2347,1999,110,SGBreyer,1,2,6,3,3,1,45,0,2
66458,2000 U.S. LEXIS 3004,1999,108,CThomas,2,2,5,4,1,2,51,0,1
66459,2000 U.S. LEXIS 3004,1999,109,RBGinsburg,1,1,5,4,1,2,51,0,1
66460,2000 U.S. LEXIS 3004,1999,110,SGBreyer,2,2,5,4,1,2,51,0,1
66584,2000 U.S. LEXIS 3767,1999,108,CThomas,2,2,6,3,5,2,56,0,2
66585,2000 U.S. LEXIS 3767,1999,109,RBGinsburg,2,2,6,3,5,2,56,0,2
66586,2000 U.S. LEXIS 3767,1999,110,SGBreyer,2,2,6,3,5,2,56,0,2
66701,2000 U.S. LEXIS 4304,1999,108,CThomas,2,2,5,4,1,2,35,0,2
66702,2000 U.S. LEXIS 4304,1999,109,RBGinsburg,2,2,5,4,1,2,35,0,2
66703,2000 U.S. LEXIS 4304,1999,110,SGBreyer,1,1,5,4,1,2,35,0,2
66727,2000 U.S. LEXIS 4487,1999,108,CThomas,1,2,5,4,2,1,35,0,2
66728,2000 U.S. LEXIS 4487,1999,109,RBGinsburg,2,1,5,4,2,1,35,0,2
66729,2000 U.S. LEXIS 4487,1999,110,SGBreyer,2,1,5,4,2,1,35,0,2
66736,2000 U.S. LEXIS 4486,1999,108,CThomas,1,1,6,3,5,2,7,0,2
66737,2000 U.S. LEXIS 4486,1999,109,RBGinsburg,2,2,6,3,5,2,7,0,2
66738,2000 U.S. LEXIS 4486,1999,110,SGBreyer,2,2,6,3,5,2,7,0,2
66844,2000 U.S. LEXIS 8430,2000,108,CThomas,1,2,5,4,2,1,12,0,6
66845,2000 U.S. LEXIS 8430,2000,109,RBGinsburg,2,1,5,4,2,1,12,0,6
66846,2000 U.S. LEXIS 8430,2000,110,SGBreyer,2,1,5,4,2,1,12,0,6
66934,2001 U.S. LEXIS 963,2000,108,CThomas,2,2,9,0,8,2,30,0,6
66935,2001 U.S. LEXIS 963,2000,109,RBGinsburg,2,2,9,0,8,2,30,0,6
66936,2001 U.S. LEXIS 963,2000,110,SGBreyer,2,2,9,0,8,2,30,0,6
66943,2001 U.S. LEXIS 962,2000,108,CThomas,1,2,8,1,1,1,17,0,2
66944,2001 U.S. LEXIS 962,2000,109,RBGinsburg,1,2,8,1,1,1,17,0,2
66945,2001 U.S. LEXIS 962,2000,110,SGBreyer,1,2,8,1,1,1,17,0,2
66997,2001 U.S. LEXIS 1951,2000,108,CThomas,2,2,9,0,9,2,25,0,4
66998,2001 U.S. LEXIS 1951,2000,109,RBGinsburg,2,2,9,0,9,2,25,0,4
66999,2001 U.S. LEXIS 1951,2000,110,SGBreyer,2,2,9,0,9,2,25,0,4
67033,2001 U.S. LEXIS 2454,2000,108,CThomas,2,2,9,0,1,2,41,0,2
67034,2001 U.S. LEXIS 2454,2000,109,RBGinsburg,2,2,9,0,1,2,41,0,2
67035,2001 U.S. LEXIS 2454,2000,110,SGBreyer,2,2,9,0,1,2,41,0,2
67051,2001 U.S. LEXIS 2456,2000,108,CThomas,1,1,7,2,1,2,48,0,2
67052,2001 U.S. LEXIS 2456,2000,109,RBGinsburg,2,2,7,2,1,2,48,0,2
67053,2001 U.S. LEXIS 2456,2000,110,SGBreyer,2,2,7,2,1,2,48,0,2
67087,2001 U.S. LEXIS 2458,2000,108,CThomas,2,2,7,2,10,2,56,0,3
67088,2001 U.S. LEXIS 2458,2000,109,RBGinsburg,2,2,7,2,10,2,56,0,3
67089,2001 U.S. LEXIS 2458,2000,110,SGBreyer,1,1,7,2,10,2,56,0,3
67096,2001 U.S. LEXIS 2696,2000,108,CThomas,1,2,5,4,1,1,51,0,2
67097,2001 U.S. LEXIS 2696,2000,109,RBGinsburg,2,1,5,4,1,1,51,0,2
67098,2001 U.S. LEXIS 2696,2000,110,SGBreyer,2,1,5,4,1,1,51,0,2
67204,2001 U.S. LEXIS 3519,2000,108,CThomas,2,1,5,4,4,1,50,0,2
67205,2001 U.S. LEXIS 3519,2000,109,RBGinsburg,1,2,5,4,4,1,50,0,2
67206,2001 U.S. LEXIS 3519,2000,110,SGBreyer,2,1,5,4,4,1,50,0,2
67330,2001 U.S. LEXIS 4126,2000,108,CThomas,1,2,9,0,9,1,12,0,6
67331,2001 U.S. LEXIS 4126,2000,109,RBGinsburg,1,2,9,0,9,1,12,0,6
67332,2001 U.S. LEXIS 4126,2000,110,SGBreyer,1,2,9,0,9,1,12,0,6
67410,2001 U.S. LEXIS 4310,2000,108,CThomas,2,2,9,0,1,2,1,0,6
67411,2001 U.S. LEXIS 4310,2000,109,RBGinsburg,2,2,9,0,1,2,1,0,6
67412,2001 U.S. LEXIS 4310,2000,110,SGBreyer,2,2,9,0,1,2,1,0,6
67527,2001 U.S. LEXIS 4910,2000,108,CThomas,1,2,5,4,4,1,47,0,2
67528,2001 U.S. LEXIS 4910,2000,109,RBGinsburg,2,1,5,4,4,1,47,0,2
67529,2001 U.S. LEXIS 4910,2000,110,SGBreyer,2,1,5,4,4,1,47,0,2
67671,2002 U.S. LEXIS 402,2001,108,CThomas,1,1,5,4,1,2,48,0,2
67672,2002 U.S. LEXIS 402,2001,109,RBGinsburg,2,2,5,4,1,2,48,0,2
67673,2002 U.S. LEXIS 402,2001,110,SGBreyer,2,2,5,4,1,2,48,0,2
67725,2002 U.S. LEXIS 493,2001,108,CThomas,1,1,7,2,4,2,20,0,2
67726,2002 U.S. LEXIS 493,2001,109,RBGinsburg,2,2,7,2,4,2,20,0,2
67727,2002 U.S. LEXIS 493,2001,110,SGBreyer,2,2,7,2,4,2,20,0,2
67752,2002 U.S. LEXIS 1173,2001,108,CThomas,1,2,6,3,10,1,58,0,6
67753,2002 U.S. LEXIS 1173,2001,109,RBGinsburg,1,2,6,3,10,1,58,0,6
67754,2002 U.S. LEXIS 1173,2001,110,SGBreyer,1,2,6,3,10,1,58,0,6
67779,2002 U.S. LEXIS 1375,2001,108,CThomas,1,2,6,3,9,1,28,0,6
67780,2002 U.S. LEXIS 1375,2001,109,RBGinsburg,1,2,6,3,9,1,28,0,6
67781,2002 U.S. LEXIS 1375,2001,110,SGBreyer,2,1,6,3,9,1,28,0,6
67986,2002 U.S. LEXIS 3564,2001,108,CThomas,1,1,5,4,1,2,1,0,2
67987,2002 U.S. LEXIS 3564,2001,109,RBGinsburg,2,2,5,4,1,2,1,0,2
67988,2002 U.S. LEXIS 3564,2001,110,SGBreyer,2,2,5,4,1,2,1,0,2
68157,2002 U.S. LEXIS 4649,2001,108,CThomas,1,2,7,2,5,1,56,0,3
68158,2002 U.S. LEXIS 4649,2001,109,RBGinsburg,2,1,7,2,5,1,56,0,3
68159,2002 U.S. LEXIS 4649,2001,110,SGBreyer,1,2,7,2,5,1,56,0,3
68166,2002 U.S. LEXIS 4648,2001,108,CThomas,1,1,6,3,1,2,55,1,2
68167,2002 U.S. LEXIS 4648,2001,109,RBGinsburg,2,2,6,3,1,2,55,1,2
68168,2002 U.S. LEXIS 4648,2001,110,SGBreyer,2,2,6,3,1,2,55,1,2
68229,2002 U.S. LEXIS 4651,2001,108,CThomas,2,2,7,2,1,2,4,1,2
68230,2002 U.S. LEXIS 4651,2001,109,RBGinsburg,2,2,7,2,1,2,4,1,2
68231,2002 U.S. LEXIS 4651,2001,110,SGBreyer,2,2,7,2,1,2,4,1,2
68247,2002 U.S. LEXIS 4682,2001,108,CThomas,2,2,9,0,1,2,22,0,2
68248,2002 U.S. LEXIS 4682,2001,109,RBGinsburg,2,2,9,0,1,2,22,0,2
68249,2002 U.S. LEXIS 4682,2001,110,SGBreyer,2,2,9,0,1,2,22,0,2
68364,2002 U.S. LEXIS 8316,2002,108,CThomas,1,2,9,0,8,1,27,0,6
68365,2002 U.S. LEXIS 8316,2002,109,RBGinsburg,1,2,9,0,8,1,27,0,6
68366,2002 U.S. LEXIS 8316,2002,110,SGBreyer,1,2,9,0,8,1,27,0,6
68373,2002 U.S. LEXIS 9067,2002,108,CThomas,1,2,9,0,10,1,17,0,6
68374,2002 U.S. LEXIS 9067,2002,109,RBGinsburg,1,2,9,0,10,1,17,0,6
68375,2002 U.S. LEXIS 9067,2002,110,SGBreyer,1,2,9,0,10,1,17,0,6
68418,2003 U.S. LEXIS 748,2002,108,CThomas,1,2,5,4,1,1,45,0,2
68419,2003 U.S. LEXIS 748,2002,109,RBGinsburg,2,1,5,4,1,1,45,0,2
68420,2003 U.S. LEXIS 748,2002,110,SGBreyer,2,1,5,4,1,1,45,0,2
68427,2003 U.S. LEXIS 747,2002,108,CThomas,1,2,9,0,8,1,56,0,6
68428,2003 U.S. LEXIS 747,2002,109,RBGinsburg,1,2,9,0,8,1,56,0,6
68429,2003 U.S. LEXIS 747,2002,110,SGBreyer,1,2,9,0,8,1,56,0,6
68490,2003 U.S. LEXIS 1735,2002,108,CThomas,1,2,9,0,2,1,56,0,3
68491,2003 U.S. LEXIS 1735,2002,109,RBGinsburg,1,2,9,0,2,1,56,0,3
68492,2003 U.S. LEXIS 1735,2002,110,SGBreyer,1,2,9,0,2,1,56,0,3
68562,2003 U.S. LEXIS 1952,2002,108,CThomas,1,2,5,4,1,1,6,0,2
68563,2003 U.S. LEXIS 1952,2002,109,RBGinsburg,2,1,5,4,1,1,6,0,2
68564,2003 U.S. LEXIS 1952,2002,110,SGBreyer,2,1,5,4,1,1,6,0,2
68598,2003 U.S. LEXIS 1956,2002,108,CThomas,2,2,5,4,8,2,57,0,3
68599,2003 U.S. LEXIS 1956,2002,109,RBGinsburg,2,2,5,4,8,2,57,0,3
68600,2003 U.S. LEXIS 1956,2002,110,SGBreyer,1,1,5,4,8,2,57,0,3
68661,2003 U.S. LEXIS 2715,2002,108,CThomas,1,1,7,2,3,2,55,0,2
68662,2003 U.S. LEXIS 2715,2002,109,RBGinsburg,2,2,7,2,3,2,55,0,2
68663,2003 U.S. LEXIS 2715,2002,110,SGBreyer,2,2,7,2,3,2,55,0,2
68679,2003 U.S. LEXIS 2713,2002,108,CThomas,2,1,6,3,8,1,52,0,2
68680,2003 U.S. LEXIS 2713,2002,109,RBGinsburg,2,1,6,3,8,1,52,0,2
68681,2003 U.S. LEXIS 2713,2002,110,SGBreyer,1,2,6,3,8,1,52,0,2
68697,2003 U.S. LEXIS 3241,2002,108,CThomas,2,2,9,0,9,2,48,0,6
68698,2003 U.S. LEXIS 3241,2002,109,RBGinsburg,2,2,9,0,9,2,48,0,6
68699,2003 U.S. LEXIS 3241,2002,110,SGBreyer,2,2,9,0,9,2,48,0,6
68751,2003 U.S. LEXIS 3430,2002,108,CThomas,1,2,9,0,3,1,17,0,2
68752,2003 U.S. LEXIS 3430,2002,109,RBGinsburg,1,2,9,0,3,1,17,0,2
68753,2003 U.S. LEXIS 3430,2002,110,SGBreyer,1,2,9,0,3,1,17,0,2
68760,2003 U.S. LEXIS 3670,2002,108,CThomas,2,2,9,0,1,2,51,0,2
68761,2003 U.S. LEXIS 3670,2002,109,RBGinsburg,2,2,9,0,1,2,51,0,2
68762,2003 U.S. LEXIS 3670,2002,110,SGBreyer,2,2,9,0,1,2,51,0,2
68859,2003 U.S. LEXIS 4273,2002,108,CThomas,1,1,6,3,4,2,12,0,2
68860,2003 U.S. LEXIS 4273,2002,109,RBGinsburg,2,2,6,3,4,2,12,0,2
68861,2003 U.S. LEXIS 4273,2002,110,SGBreyer,2,2,6,3,4,2,12,0,2
68886,2003 U.S. LEXIS 4278,2002,108,CThomas,2,2,9,0,10,2,22,0,3
68887,2003 U.S. LEXIS 4278,2002,109,RBGinsburg,2,2,9,0,10,2,22,0,3
68888,2003 U.S. LEXIS 4278,2002,110,SGBreyer,2,2,9,0,10,2,22,0,3
68895,2003 U.S. LEXIS 4418,2002,108,CThomas,1,2,9,0,8,1,1,0,6
68896,2003 U.S. LEXIS 4418,2002,109,RBGinsburg,1,2,9,0,8,1,1,0,6
68897,2003 U.S. LEXIS 4418,2002,110,SGBreyer,1,2,9,0,8,1,1,0,6
68931,2003 U.S. LEXIS 4424,2002,108,CThomas,2,2,9,0,8,2,19,0,2
68932,2003 U.S. LEXIS 4424,2002,109,RBGinsburg,2,2,9,0,8,2,19,0,2
68933,2003 U.S. LEXIS 4424,2002,110,SGBreyer,2,2,9,0,8,2,19,0,2
68949,2003 U.S. LEXIS 4782,2002,108,CThomas,1,2,9,0,3,1,55,0,2
68950,2003 U.S. LEXIS 4782,2002,109,RBGinsburg,1,2,9,0,3,1,55,0,2
68951,2003 U.S. LEXIS 4782,2002,110,SGBreyer,1,2,9,0,3,1,55,0,2
69021,2003 U.S. LEXIS 4798,2002,108,CThomas,2,1,5,4,8,1,48,0,6
69022,2003 U.S. LEXIS 4798,2002,109,RBGinsburg,1,2,5,4,8,1,48,0,6
69023,2003 U.S. LEXIS 4798,2002,110,SGBreyer,1,2,5,4,8,1,48,0,6
69048,2003 U.S. LEXIS 5013,2002,108,CThomas,1,1,6,3,5,2,51,1,2
69049,2003 U.S. LEXIS 5013,2002,109,RBGinsburg,2,2,6,3,5,2,51,1,2
69050,2003 U.S. LEXIS 5013,2002,110,SGBreyer,2,2,6,3,5,2,51,1,2
69057,2003 U.S. LEXIS 5011,2002,108,CThomas,1,1,5,4,1,2,6,0,1
69058,2003 U.S. LEXIS 5011,2002,109,RBGinsburg,2,2,5,4,1,2,6,0,1
69059,2003 U.S. LEXIS 5011,2002,110,SGBreyer,2,2,5,4,1,2,6,0,1
69127,2003 U.S. LEXIS 9198,2003,108,CThomas,1,2,9,0,1,1,25,0,2
69128,2003 U.S. LEXIS 9198,2003,109,RBGinsburg,1,2,9,0,1,1,25,0,2
69129,2003 U.S. LEXIS 9198,2003,110,SGBreyer,1,2,9,0,1,1,25,0,2
69163,2004 U.S. LEXIS 656,2003,108,CThomas,1,2,6,3,1,1,17,0,2
69164,2004 U.S. LEXIS 656,2003,109,RBGinsburg,2,1,6,3,1,1,17,0,2
69165,2004 U.S. LEXIS 656,2003,110,SGBreyer,1,2,6,3,1,1,17,0,2
69217,2004 U.S. LEXIS 1412,2003,108,CThomas,1,2,9,0,4,1,17,0,2
69218,2004 U.S. LEXIS 1412,2003,109,RBGinsburg,1,2,9,0,4,1,17,0,2
69219,2004 U.S. LEXIS 1412,2003,110,SGBreyer,1,2,9,0,4,1,17,0,2
69315,2004 U.S. LEXIS 1838,2003,108,CThomas,2,2,9,0,1,2,56,1,2
69316,2004 U.S. LEXIS 1838,2003,109,RBGinsburg,2,2,9,0,1,2,56,1,2
69317,2004 U.S. LEXIS 1838,2003,110,SGBreyer,2,2,9,0,1,2,56,1,2
69324,2004 U.S. LEXIS 1837,2003,108,CThomas,1,2,9,0,1,1,19,0,2
69325,2004 U.S. LEXIS 1837,2003,109,RBGinsburg,1,2,9,0,1,1,19,0,2
69326,2004 U.S. LEXIS 1837,2003,110,SGBreyer,1,2,9,0,1,1,19,0,2
69450,2004 U.S. LEXIS 3380,2003,108,CThomas,1,2,9,0,9,1,6,0,6
69451,2004 U.S. LEXIS 3380,2003,109,RBGinsburg,1,2,9,0,9,1,6,0,6
69452,2004 U.S. LEXIS 3380,2003,110,SGBreyer,1,2,9,0,9,1,6,0,6
69628,2004 U.S. LEXIS 4385,2003,108,CThomas,1,2,5,4,1,1,33,0,2
69629,2004 U.S. LEXIS 4385,2003,109,RBGinsburg,2,1,5,4,1,1,33,0,2
69630,2004 U.S. LEXIS 4385,2003,110,SGBreyer,2,1,5,4,1,1,33,0,2
69673,2004 U.S. LEXIS 4573,2003,108,CThomas,2,2,5,4,1,2,56,0,2
69674,2004 U.S. LEXIS 4573,2003,109,RBGinsburg,2,2,5,4,1,2,56,0,2
69675,2004 U.S. LEXIS 4573,2003,110,SGBreyer,1,1,5,4,1,2,56,0,2
69736,2004 U.S. LEXIS 4578,2003,108,CThomas,1,1,5,4,1,2,30,0,2
69737,2004 U.S. LEXIS 4578,2003,109,RBGinsburg,2,2,5,4,1,2,30,0,2
69738,2004 U.S. LEXIS 4578,2003,110,SGBreyer,2,2,5,4,1,2,30,0,2
69799,2004 U.S. LEXIS 7668,2004,108,CThomas,1,1,7,2,1,2,51,0,2
69800,2004 U.S. LEXIS 7668,2004,109,RBGinsburg,2,2,7,2,1,2,51,0,2
69801,2004 U.S. LEXIS 7668,2004,110,SGBreyer,2,2,7,2,1,2,51,0,2
69871,2004 U.S. LEXIS 8270,2004,108,CThomas,1,2,8,0,1,1,12,0,2
69872,2004 U.S. LEXIS 8270,2004,109,RBGinsburg,1,2,8,0,1,1,12,0,2
69873,2004 U.S. LEXIS 8270,2004,110,SGBreyer,1,2,8,0,1,1,12,0,2
69925,2005 U.S. LEXIS 769,2004,108,CThomas,1,2,6,2,1,1,17,0,2
69926,2005 U.S. LEXIS 769,2004,109,RBGinsburg,2,1,6,2,1,1,17,0,2
69927,2005 U.S. LEXIS 769,2004,110,SGBreyer,1,2,6,2,1,1,17,0,2
69943,2005 U.S. LEXIS 1371,2004,108,CThomas,1,2,9,0,9,1,29,0,6
69944,2005 U.S. LEXIS 1371,2004,109,RBGinsburg,1,2,9,0,9,1,29,0,6
69945,2005 U.S. LEXIS 1371,2004,110,SGBreyer,1,2,9,0,9,1,29,0,6
69961,2005 U.S. LEXIS 1398,2004,108,CThomas,2,2,5,4,1,2,26,0,2
69962,2005 U.S. LEXIS 1398,2004,109,RBGinsburg,1,1,5,4,1,2,26,0,2
69963,2005 U.S. LEXIS 1398,2004,110,SGBreyer,1,1,5,4,1,2,26,0,2
69988,2005 U.S. LEXIS 2200,2004,108,CThomas,1,1,5,4,1,2,30,1,2
69989,2005 U.S. LEXIS 2200,2004,109,RBGinsburg,2,2,5,4,1,2,30,1,2
69990,2005 U.S. LEXIS 2200,2004,110,SGBreyer,2,2,5,4,1,2,30,1,2
70213,2005 U.S. LEXIS 4180,2004,108,CThomas,1,1,7,2,4,2,30,0,2
70214,2005 U.S. LEXIS 4180,2004,109,RBGinsburg,2,2,7,2,4,2,30,0,2
70215,2005 U.S. LEXIS 4180,2004,110,SGBreyer,2,2,7,2,4,2,30,0,2
70249,2005 U.S. LEXIS 4347,2004,108,CThomas,1,1,7,2,3,2,6,0,2
70250,2005 U.S. LEXIS 4347,2004,109,RBGinsburg,2,2,7,2,3,2,6,0,2
70251,2005 U.S. LEXIS 4347,2004,110,SGBreyer,2,2,7,2,3,2,6,0,2
70285,2005 U.S. LEXIS 4842,2004,108,CThomas,1,1,8,1,2,2,6,0,2
70286,2005 U.S. LEXIS 4842,2004,109,RBGinsburg,2,2,8,1,2,2,6,0,2
70287,2005 U.S. LEXIS 4842,2004,110,SGBreyer,2,2,8,1,2,2,6,0,2
70375,2005 U.S. LEXIS 4843,2004,108,CThomas,2,2,9,0,8,2,27,0,1
70376,2005 U.S. LEXIS 4843,2004,109,RBGinsburg,2,2,9,0,8,2,27,0,1
70377,2005 U.S. LEXIS 4843,2004,110,SGBreyer,2,2,9,0,8,2,27,0,1
70384,2005 U.S. LEXIS 4844,2004,108,CThomas,1,2,6,3,10,1,27,0,6
70385,2005 U.S. LEXIS 4844,2004,109,RBGinsburg,1,2,6,3,10,1,27,0,6
70386,2005 U.S. LEXIS 4844,2004,110,SGBreyer,1,2,6,3,10,1,27,0,6
70393,2005 U.S. LEXIS 5011,2004,108,CThomas,1,1,5,4,4,2,8,0,2
70394,2005 U.S. LEXIS 5011,2004,109,RBGinsburg,2,2,5,4,4,2,8,0,2
70395,2005 U.S. LEXIS 5011,2004,110,SGBreyer,2,2,5,4,4,2,8,0,2
70429,2005 U.S. LEXIS 5012,2004,108,CThomas,1,1,7,2,2,2,27,0,2
70430,2005 U.S. LEXIS 5012,2004,109,RBGinsburg,2,2,7,2,2,2,27,0,2
70431,2005 U.S. LEXIS 5012,2004,110,SGBreyer,2,2,7,2,2,2,27,0,2
70742,2006 U.S. LEXIS 1814,2005,108,CThomas,2,1,7,1,8,1,12,0,6
70743,2006 U.S. LEXIS 1814,2005,109,RBGinsburg,1,2,7,1,8,1,12,0,6
70744,2006 U.S. LEXIS 1814,2005,110,SGBreyer,1,2,7,1,8,1,12,0,6
70745,2006 U.S. LEXIS 1814,2005,111,JGRoberts,1,2,7,1,8,1,12,0,6
70805,2006 U.S. LEXIS 1818,2005,108,CThomas,1,2,8,0,1,1,43,0,2
70806,2006 U.S. LEXIS 1818,2005,109,RBGinsburg,1,2,8,0,1,1,43,0,2
70807,2006 U.S. LEXIS 1818,2005,110,SGBreyer,1,2,8,0,1,1,43,0,2
70808,2006 U.S. LEXIS 1818,2005,111,JGRoberts,1,2,8,0,1,1,43,0,2
70868,2006 U.S. LEXIS 2498,2005,108,CThomas,1,1,5,3,1,2,13,0,2
70869,2006 U.S. LEXIS 2498,2005,109,RBGinsburg,2,2,5,3,1,2,13,0,2
70870,2006 U.S. LEXIS 2498,2005,110,SGBreyer,2,2,5,3,1,2,13,0,2
70871,2006 U.S. LEXIS 2498,2005,111,JGRoberts,1,1,5,3,1,2,13,0,2
70922,2006 U.S. LEXIS 3451,2005,108,CThomas,1,1,5,3,4,2,5,0,2
70923,2006 U.S. LEXIS 3451,2005,109,RBGinsburg,2,2,5,3,4,2,5,0,2
70924,2006 U.S. LEXIS 3451,2005,110,SGBreyer,2,2,5,3,4,2,5,0,2
70925,2006 U.S. LEXIS 3451,2005,111,JGRoberts,2,2,5,3,4,2,5,0,2
70958,2006 U.S. LEXIS 3454,2005,108,CThomas,2,2,9,0,4,2,48,0,2
70959,2006 U.S. LEXIS 3454,2005,109,RBGinsburg,2,2,9,0,4,2,48,0,2
70960,2006 U.S. LEXIS 3454,2005,110,SGBreyer,2,2,9,0,4,2,48,0,2
70961,2006 U.S. LEXIS 3454,2005,111,JGRoberts,2,2,9,0,4,2,48,0,2
70962,2006 U.S. LEXIS 3454,2005,112,SAAlito,2,2,9,0,4,2,48,0,2
70985,2006 U.S. LEXIS 3955,2005,108,CThomas,2,2,9,0,8,2,23,0,3
70986,2006 U.S. LEXIS 3955,2005,109,RBGinsburg,2,2,9,0,8,2,23,0,3
70987,2006 U.S. LEXIS 3955,2005,110,SGBreyer,2,2,9,0,8,2,23,0,3
70988,2006 U.S. LEXIS 3955,2005,111,JGRoberts,2,2,9,0,8,2,23,0,3
70989,2006 U.S. LEXIS 3955,2005,112,SAAlito,2,2,9,0,8,2,23,0,3
70999,2006 U.S. LEXIS 4155,2005,111,JGRoberts,1,2,8,0,1,1,52,0,2
71004,2006 U.S. LEXIS 4155,2005,108,CThomas,1,2,8,0,1,1,52,0,2
71005,2006 U.S. LEXIS 4155,2005,109,RBGinsburg,1,2,8,0,1,1,52,0,2
71006,2006 U.S. LEXIS 4155,2005,110,SGBreyer,1,2,8,0,1,1,52,0,2
71007,2006 U.S. LEXIS 4155,2005,112,SAAlito,1,2,8,0,1,1,52,0,2
71075,2006 U.S. LEXIS 4677,2005,108,CThomas,1,2,5,4,1,1,27,0,2
71076,2006 U.S. LEXIS 4677,2005,109,RBGinsburg,2,1,5,4,1,1,27,0,2
71077,2006 U.S. LEXIS 4677,2005,110,SGBreyer,2,1,5,4,1,1,27,0,2
71078,2006 U.S. LEXIS 4677,2005,111,JGRoberts,1,2,5,4,1,1,27,0,2
71079,2006 U.S. LEXIS 4677,2005,112,SAAlito,1,2,5,4,1,1,27,0,2
71120,2006 U.S. LEXIS 4886,2005,108,CThomas,1,2,9,0,1,1,56,0,2
71121,2006 U.S. LEXIS 4886,2005,109,RBGinsburg,1,2,9,0,1,1,56,0,2
71122,2006 U.S. LEXIS 4886,2005,110,SGBreyer,1,2,9,0,1,1,56,0,2
71123,2006 U.S. LEXIS 4886,2005,111,JGRoberts,1,2,9,0,1,1,56,0,2
71124,2006 U.S. LEXIS 4886,2005,112,SAAlito,1,2,9,0,1,1,56,0,2
71129,2006 U.S. LEXIS 4885,2005,108,CThomas,1,2,6,3,1,1,6,0,2
71130,2006 U.S. LEXIS 4885,2005,109,RBGinsburg,1,2,6,3,1,1,6,0,2
71131,2006 U.S. LEXIS 4885,2005,110,SGBreyer,2,1,6,3,1,1,6,0,2
71132,2006 U.S. LEXIS 4885,2005,111,JGRoberts,1,2,6,3,1,1,6,0,2
71133,2006 U.S. LEXIS 4885,2005,112,SAAlito,1,2,6,3,1,1,6,0,2
71201,2006 U.S. LEXIS 5163,2005,108,CThomas,1,2,5,4,1,1,20,0,2
71202,2006 U.S. LEXIS 5163,2005,109,RBGinsburg,2,1,5,4,1,1,20,0,2
71203,2006 U.S. LEXIS 5163,2005,110,SGBreyer,2,1,5,4,1,1,20,0,2
71204,2006 U.S. LEXIS 5163,2005,111,JGRoberts,1,2,5,4,1,1,20,0,2
71205,2006 U.S. LEXIS 5163,2005,112,SAAlito,1,2,5,4,1,1,20,0,2
71206,2006 U.S. LEXIS 5164,2005,111,JGRoberts,1,2,7,2,1,1,56,0,5
71211,2006 U.S. LEXIS 5164,2005,108,CThomas,1,2,7,2,1,1,56,0,5
71212,2006 U.S. LEXIS 5164,2005,109,RBGinsburg,2,1,7,2,1,1,56,0,5
71213,2006 U.S. LEXIS 5164,2005,110,SGBreyer,1,2,7,2,1,1,56,0,5
71214,2006 U.S. LEXIS 5164,2005,112,SAAlito,1,2,7,2,1,1,56,0,5
71237,2006 U.S. LEXIS 5177,2005,108,CThomas,1,2,6,3,1,1,43,0,5
71238,2006 U.S. LEXIS 5177,2005,109,RBGinsburg,1,2,6,3,1,1,43,0,5
71239,2006 U.S. LEXIS 5177,2005,110,SGBreyer,2,1,6,3,1,1,43,0,5
71240,2006 U.S. LEXIS 5177,2005,111,JGRoberts,1,2,6,3,1,1,43,0,5
71241,2006 U.S. LEXIS 5177,2005,112,SAAlito,1,2,6,3,1,1,43,0,5
71273,2006 U.S. LEXIS 5184,2005,108,CThomas,1,2,5,4,4,1,4,0,2
71274,2006 U.S. LEXIS 5184,2005,109,RBGinsburg,2,1,5,4,4,1,4,0,2
71275,2006 U.S. LEXIS 5184,2005,110,SGBreyer,2,1,5,4,4,1,4,0,2
71276,2006 U.S. LEXIS 5184,2005,111,JGRoberts,1,2,5,4,4,1,4,0,2
71277,2006 U.S. LEXIS 5184,2005,112,SAAlito,1,2,5,4,4,1,4,0,2
71359,2007 U.S. LEXIS 1006,2006,111,JGRoberts,1,2,9,0,8,1,30,0,3
71364,2007 U.S. LEXIS 1006,2006,108,CThomas,1,2,9,0,8,1,30,0,3
71365,2007 U.S. LEXIS 1006,2006,109,RBGinsburg,1,2,9,0,8,1,30,0,3
71366,2007 U.S. LEXIS 1006,2006,110,SGBreyer,1,2,9,0,8,1,30,0,3
71367,2007 U.S. LEXIS 1006,2006,112,SAAlito,1,2,9,0,8,1,30,0,3
71399,2007 U.S. LEXIS 1324,2006,108,CThomas,2,2,6,3,1,2,6,0,2
71400,2007 U.S. LEXIS 1324,2006,109,RBGinsburg,2,2,6,3,1,2,6,0,2
71401,2007 U.S. LEXIS 1324,2006,110,SGBreyer,1,1,6,3,1,2,6,0,2
71402,2007 U.S. LEXIS 1324,2006,111,JGRoberts,2,2,6,3,1,2,6,0,2
71403,2007 U.S. LEXIS 1324,2006,112,SAAlito,1,1,6,3,1,2,6,0,2
71426,2007 U.S. LEXIS 1332,2006,108,CThomas,2,1,5,4,8,1,43,0,2
71427,2007 U.S. LEXIS 1332,2006,109,RBGinsburg,2,1,5,4,8,1,43,0,2
71428,2007 U.S. LEXIS 1332,2006,110,SGBreyer,1,2,5,4,8,1,43,0,2
71429,2007 U.S. LEXIS 1332,2006,111,JGRoberts,1,2,5,4,8,1,43,0,2
71430,2007 U.S. LEXIS 1332,2006,112,SAAlito,1,2,5,4,8,1,43,0,2
71498,2007 U.S. LEXIS 3777,2006,108,CThomas,1,2,5,4,8,1,14,0,6
71499,2007 U.S. LEXIS 3777,2006,109,RBGinsburg,2,1,5,4,8,1,14,0,6
71500,2007 U.S. LEXIS 3777,2006,110,SGBreyer,1,2,5,4,8,1,14,0,6
71501,2007 U.S. LEXIS 3777,2006,111,JGRoberts,1,2,5,4,8,1,14,0,6
71502,2007 U.S. LEXIS 3777,2006,112,SAAlito,2,1,5,4,8,1,14,0,6
71802,2007 U.S. LEXIS 7722,2006,108,CThomas,1,2,9,0,7,1,56,0,2
71803,2007 U.S. LEXIS 7722,2006,109,RBGinsburg,1,2,9,0,7,1,56,0,2
71804,2007 U.S. LEXIS 7722,2006,110,SGBreyer,1,2,9,0,7,1,56,0,2
71805,2007 U.S. LEXIS 7722,2006,111,JGRoberts,1,2,9,0,7,1,56,0,2
71806,2007 U.S. LEXIS 7722,2006,112,SAAlito,1,2,9,0,7,1,56,0,2
71838,2007 U.S. LEXIS 7897,2006,108,CThomas,2,2,9,0,1,2,6,0,2
71839,2007 U.S. LEXIS 7897,2006,109,RBGinsburg,2,2,9,0,1,2,6,0,2
71840,2007 U.S. LEXIS 7897,2006,110,SGBreyer,2,2,9,0,1,2,6,0,2
71841,2007 U.S. LEXIS 7897,2006,111,JGRoberts,2,2,9,0,1,2,6,0,2
71842,2007 U.S. LEXIS 7897,2006,112,SAAlito,2,2,9,0,1,2,6,0,2
72090,2008 U.S. LEXIS 2012,2007,108,CThomas,2,2,7,2,1,2,28,0,3
72091,2008 U.S. LEXIS 2012,2007,109,RBGinsburg,2,2,7,2,1,2,28,0,3
72092,2008 U.S. LEXIS 2012,2007,110,SGBreyer,2,2,7,2,1,2,28,0,3
72093,2008 U.S. LEXIS 2012,2007,111,JGRoberts,1,1,7,2,1,2,28,0,3
72094,2008 U.S. LEXIS 2012,2007,112,SAAlito,2,2,7,2,1,2,28,0,3
72108,2008 U.S. LEXIS 2011,2007,108,CThomas,1,1,8,1,10,2,6,0,6
72109,2008 U.S. LEXIS 2011,2007,109,RBGinsburg,2,2,8,1,10,2,6,0,6
72110,2008 U.S. LEXIS 2011,2007,110,SGBreyer,2,2,8,1,10,2,6,0,6
72111,2008 U.S. LEXIS 2011,2007,111,JGRoberts,2,2,8,1,10,2,6,0,6
72112,2008 U.S. LEXIS 2011,2007,112,SAAlito,2,2,8,1,10,2,6,0,6
72171,2008 U.S. LEXIS 2708,2007,108,CThomas,1,1,7,2,2,2,22,0,2
72172,2008 U.S. LEXIS 2708,2007,109,RBGinsburg,2,2,7,2,2,2,22,0,2
72173,2008 U.S. LEXIS 2708,2007,110,SGBreyer,2,2,7,2,2,2,22,0,2
72174,2008 U.S. LEXIS 2708,2007,111,JGRoberts,2,2,7,2,2,2,22,0,2
72175,2008 U.S. LEXIS 2708,2007,112,SAAlito,2,2,7,2,2,2,22,0,2
72180,2008 U.S. LEXIS 2912,2007,108,CThomas,1,2,6,3,10,1,51,0,5
72181,2008 U.S. LEXIS 2912,2007,109,RBGinsburg,2,1,6,3,10,1,51,0,5
72182,2008 U.S. LEXIS 2912,2007,110,SGBreyer,2,1,6,3,10,1,51,0,5
72183,2008 U.S. LEXIS 2912,2007,111,JGRoberts,1,2,6,3,10,1,51,0,5
72184,2008 U.S. LEXIS 2912,2007,112,SAAlito,1,2,6,3,10,1,51,0,5
72216,2008 U.S. LEXIS 3473,2007,108,CThomas,2,2,9,0,8,2,17,0,1
72217,2008 U.S. LEXIS 3473,2007,109,RBGinsburg,2,2,9,0,8,2,17,0,1
72218,2008 U.S. LEXIS 3473,2007,110,SGBreyer,2,2,9,0,8,2,17,0,1
72219,2008 U.S. LEXIS 3473,2007,111,JGRoberts,2,2,9,0,8,2,17,0,1
72220,2008 U.S. LEXIS 3473,2007,112,SAAlito,2,2,9,0,8,2,17,0,1
72225,2008 U.S. LEXIS 3476,2007,108,CThomas,1,2,7,2,1,1,21,0,2
72226,2008 U.S. LEXIS 3476,2007,109,RBGinsburg,2,1,7,2,1,1,21,0,2
72227,2008 U.S. LEXIS 3476,2007,110,SGBreyer,1,2,7,2,1,1,21,0,2
72228,2008 U.S. LEXIS 3476,2007,111,JGRoberts,1,2,7,2,1,1,21,0,2
72229,2008 U.S. LEXIS 3476,2007,112,SAAlito,1,2,7,2,1,1,21,0,2
72248,2008 U.S. LEXIS 3674,2007,111,JGRoberts,1,2,9,0,1,1,55,0,2
72253,2008 U.S. LEXIS 3674,2007,108,CThomas,1,2,9,0,1,1,55,0,2
72254,2008 U.S. LEXIS 3674,2007,109,RBGinsburg,1,2,9,0,1,1,55,0,2
72255,2008 U.S. LEXIS 3674,2007,110,SGBreyer,1,2,9,0,1,1,55,0,2
72256,2008 U.S. LEXIS 3674,2007,112,SAAlito,1,2,9,0,1,1,55,0,2
72297,2008 U.S. LEXIS 4312,2007,108,CThomas,2,2,7,2,8,2,21,0,1
72298,2008 U.S. LEXIS 4312,2007,109,RBGinsburg,2,2,7,2,8,2,21,0,1
72299,2008 U.S. LEXIS 4312,2007,110,SGBreyer,2,2,7,2,8,2,21,0,1
72300,2008 U.S. LEXIS 4312,2007,111,JGRoberts,2,2,7,2,8,2,21,0,1
72301,2008 U.S. LEXIS 4312,2007,112,SAAlito,1,1,7,2,8,2,21,0,1
72504,2008 U.S. LEXIS 5031,2007,108,CThomas,1,1,7,2,1,2,18,0,2
72505,2008 U.S. LEXIS 5031,2007,109,RBGinsburg,2,2,7,2,1,2,18,0,2
72506,2008 U.S. LEXIS 5031,2007,110,SGBreyer,2,2,7,2,1,2,18,0,2
72507,2008 U.S. LEXIS 5031,2007,111,JGRoberts,2,2,7,2,1,2,18,0,2
72508,2008 U.S. LEXIS 5031,2007,112,SAAlito,2,2,7,2,1,2,18,0,2
72549,2008 U.S. LEXIS 5264,2007,108,CThomas,1,2,6,3,1,1,6,0,2
72550,2008 U.S. LEXIS 5264,2007,109,RBGinsburg,1,2,6,3,1,1,6,0,2
72551,2008 U.S. LEXIS 5264,2007,110,SGBreyer,2,1,6,3,1,1,6,0,2
72552,2008 U.S. LEXIS 5264,2007,111,JGRoberts,1,2,6,3,1,1,6,0,2
72553,2008 U.S. LEXIS 5264,2007,112,SAAlito,1,2,6,3,1,1,6,0,2
72558,2008 U.S. LEXIS 5262,2007,108,CThomas,1,1,5,4,1,2,22,0,2
72559,2008 U.S. LEXIS 5262,2007,109,RBGinsburg,2,2,5,4,1,2,22,0,2
72560,2008 U.S. LEXIS 5262,2007,110,SGBreyer,2,2,5,4,1,2,22,0,2
72561,2008 U.S. LEXIS 5262,2007,111,JGRoberts,1,1,5,4,1,2,22,0,2
72562,2008 U.S. LEXIS 5262,2007,112,SAAlito,1,1,5,4,1,2,22,0,2
72698,2009 U.S. LEXIS 582,2008,111,JGRoberts,2,1,5,4,1,1,43,0,2
72703,2009 U.S. LEXIS 582,2008,108,CThomas,2,1,5,4,1,1,43,0,2
72704,2009 U.S. LEXIS 582,2008,109,RBGinsburg,1,2,5,4,1,1,43,0,2
72705,2009 U.S. LEXIS 582,2008,110,SGBreyer,1,2,5,4,1,1,43,0,2
72706,2009 U.S. LEXIS 582,2008,112,SAAlito,1,2,5,4,1,1,43,0,2
72779,2009 U.S. LEXIS 868,2008,111,JGRoberts,1,2,9,0,1,1,4,0,2
72784,2009 U.S. LEXIS 868,2008,108,CThomas,1,2,9,0,1,1,4,0,2
72785,2009 U.S. LEXIS 868,2008,109,RBGinsburg,1,2,9,0,1,1,4,0,2
72786,2009 U.S. LEXIS 868,2008,110,SGBreyer,1,2,9,0,1,1,4,0,2
72787,2009 U.S. LEXIS 868,2008,112,SAAlito,1,2,9,0,1,1,4,0,2
72869,2009 U.S. LEXIS 1774,2008,111,JGRoberts,2,1,6,3,10,1,53,0,3
72874,2009 U.S. LEXIS 1774,2008,108,CThomas,1,2,6,3,10,1,53,0,3
72875,2009 U.S. LEXIS 1774,2008,109,RBGinsburg,1,2,6,3,10,1,53,0,3
72876,2009 U.S. LEXIS 1774,2008,110,SGBreyer,1,2,6,3,10,1,53,0,3
72877,2009 U.S. LEXIS 1774,2008,112,SAAlito,2,1,6,3,10,1,53,0,3
72878,2009 U.S. LEXIS 1842,2008,111,JGRoberts,1,2,5,4,2,1,38,0,3
72883,2009 U.S. LEXIS 1842,2008,108,CThomas,1,2,5,4,2,1,38,0,3
72884,2009 U.S. LEXIS 1842,2008,109,RBGinsburg,2,1,5,4,2,1,38,0,3
72885,2009 U.S. LEXIS 1842,2008,110,SGBreyer,2,1,5,4,2,1,38,0,3
72886,2009 U.S. LEXIS 1842,2008,112,SAAlito,1,2,5,4,2,1,38,0,3
72896,2009 U.S. LEXIS 1780,2008,111,JGRoberts,1,2,7,2,1,1,53,0,2
72901,2009 U.S. LEXIS 1780,2008,108,CThomas,1,2,7,2,1,1,53,0,2
72902,2009 U.S. LEXIS 1780,2008,109,RBGinsburg,1,2,7,2,1,1,53,0,2
72903,2009 U.S. LEXIS 1780,2008,110,SGBreyer,2,1,7,2,1,1,53,0,2
72904,2009 U.S. LEXIS 1780,2008,112,SAAlito,1,2,7,2,1,1,53,0,2
72932,2009 U.S. LEXIS 2495,2008,111,JGRoberts,1,2,9,0,1,1,17,0,2
72937,2009 U.S. LEXIS 2495,2008,108,CThomas,1,2,9,0,1,1,17,0,2
72938,2009 U.S. LEXIS 2495,2008,109,RBGinsburg,1,2,9,0,1,1,17,0,2
72939,2009 U.S. LEXIS 2495,2008,110,SGBreyer,1,2,9,0,1,1,17,0,2
72940,2009 U.S. LEXIS 2495,2008,112,SAAlito,1,2,9,0,1,1,17,0,2
72950,2009 U.S. LEXIS 2493,2008,111,JGRoberts,1,2,9,0,9,1,43,0,6
72955,2009 U.S. LEXIS 2493,2008,108,CThomas,1,2,9,0,9,1,43,0,6
72956,2009 U.S. LEXIS 2493,2008,109,RBGinsburg,1,2,9,0,9,1,43,0,6
72957,2009 U.S. LEXIS 2493,2008,110,SGBreyer,1,2,9,0,9,1,43,0,6
72958,2009 U.S. LEXIS 2493,2008,112,SAAlito,1,2,9,0,9,1,43,0,6
73004,2009 U.S. LEXIS 3120,2008,111,JGRoberts,1,1,5,4,1,2,4,0,2
73009,2009 U.S. LEXIS 3120,2008,108,CThomas,2,2,5,4,1,2,4,0,2
73010,2009 U.S. LEXIS 3120,2008,109,RBGinsburg,2,2,5,4,1,2,4,0,2
73011,2009 U.S. LEXIS 3120,2008,110,SGBreyer,1,1,5,4,1,2,4,0,2
73012,2009 U.S. LEXIS 3120,2008,112,SAAlito,1,1,5,4,1,2,4,0,2
73067,2009 U.S. LEXIS 3299,2008,111,JGRoberts,1,2,7,2,1,1,20,0,5
73072,2009 U.S. LEXIS 3299,2008,108,CThomas,1,2,7,2,1,1,20,0,5
73073,2009 U.S. LEXIS 3299,2008,109,RBGinsburg,2,1,7,2,1,1,20,0,5
73074,2009 U.S. LEXIS 3299,2008,110,SGBreyer,1,2,7,2,1,1,20,0,5
73075,2009 U.S. LEXIS 3299,2008,112,SAAlito,1,2,7,2,1,1,20,0,5
73130,2009 U.S. LEXIS 3807,2008,111,JGRoberts,1,1,5,4,2,2,37,0,1
73135,2009 U.S. LEXIS 3807,2008,108,CThomas,1,1,5,4,2,2,37,0,1
73136,2009 U.S. LEXIS 3807,2008,109,RBGinsburg,2,2,5,4,2,2,37,0,1
73137,2009 U.S. LEXIS 3807,2008,110,SGBreyer,2,2,5,4,2,2,37,0,1
73138,2009 U.S. LEXIS 3807,2008,112,SAAlito,1,1,5,4,2,2,37,0,1
73139,2009 U.S. LEXIS 3973,2008,111,JGRoberts,1,2,5,4,1,1,22,1,2
73144,2009 U.S. LEXIS 3973,2008,108,CThomas,1,2,5,4,1,1,22,1,2
73145,2009 U.S. LEXIS 3973,2008,109,RBGinsburg,2,1,5,4,1,1,22,1,2
73146,2009 U.S. LEXIS 3973,2008,110,SGBreyer,2,1,5,4,1,1,22,1,2
73147,2009 U.S. LEXIS 3973,2008,112,SAAlito,1,2,5,4,1,1,22,1,2
73166,2009 U.S. LEXIS 3974,2008,111,JGRoberts,1,2,7,2,8,1,50,0,3
73171,2009 U.S. LEXIS 3974,2008,108,CThomas,1,2,7,2,8,1,50,0,3
73172,2009 U.S. LEXIS 3974,2008,109,RBGinsburg,2,1,7,2,8,1,50,0,3
73173,2009 U.S. LEXIS 3974,2008,110,SGBreyer,1,2,7,2,8,1,50,0,3
73174,2009 U.S. LEXIS 3974,2008,112,SAAlito,1,2,7,2,8,1,50,0,3
73184,2009 U.S. LEXIS 4157,2008,111,JGRoberts,1,1,5,4,4,2,57,0,2
73189,2009 U.S. LEXIS 4157,2008,108,CThomas,1,1,5,4,4,2,57,0,2
73190,2009 U.S. LEXIS 4157,2008,109,RBGinsburg,2,2,5,4,4,2,57,0,2
73191,2009 U.S. LEXIS 4157,2008,110,SGBreyer,2,2,5,4,4,2,57,0,2
73192,2009 U.S. LEXIS 4157,2008,112,SAAlito,1,1,5,4,4,2,57,0,2
73229,2009 U.S. LEXIS 4319,2008,111,JGRoberts,1,2,7,2,8,1,2,0,1
73234,2009 U.S. LEXIS 4319,2008,108,CThomas,1,2,7,2,8,1,2,0,1
73235,2009 U.S. LEXIS 4319,2008,109,RBGinsburg,1,2,7,2,8,1,2,0,1
73236,2009 U.S. LEXIS 4319,2008,110,SGBreyer,1,2,7,2,8,1,2,0,1
73237,2009 U.S. LEXIS 4319,2008,112,SAAlito,1,2,7,2,8,1,2,0,1
73310,2009 U.S. LEXIS 4734,2008,111,JGRoberts,1,1,5,4,1,2,26,0,2
73315,2009 U.S. LEXIS 4734,2008,108,CThomas,2,2,5,4,1,2,26,0,2
73316,2009 U.S. LEXIS 4734,2008,109,RBGinsburg,2,2,5,4,1,2,26,0,2
73317,2009 U.S. LEXIS 4734,2008,110,SGBreyer,1,1,5,4,1,2,26,0,2
73318,2009 U.S. LEXIS 4734,2008,112,SAAlito,1,1,5,4,1,2,26,0,2
73400,2009 U.S. LEXIS 8773,2009,111,JGRoberts,1,2,7,2,1,1,27,0,2
73404,2009 U.S. LEXIS 8773,2009,108,CThomas,1,2,7,2,1,1,27,0,2
73405,2009 U.S. LEXIS 8773,2009,109,RBGinsburg,1,2,7,2,1,1,27,0,2
73406,2009 U.S. LEXIS 8773,2009,110,SGBreyer,1,2,7,2,1,1,27,0,2
73407,2009 U.S. LEXIS 8773,2009,112,SAAlito,1,2,7,2,1,1,27,0,2
73408,2009 U.S. LEXIS 8773,2009,113,SSotomayor,2,1,7,2,1,1,27,0,2
73445,2010 U.S. LEXIS 767,2009,111,JGRoberts,2,2,9,0,1,2,55,0,2
73449,2010 U.S. LEXIS 767,2009,108,CThomas,2,2,9,0,1,2,55,0,2
73450,2010 U.S. LEXIS 767,2009,109,RBGinsburg,2,2,9,0,1,2,55,0,2
73451,2010 U.S. LEXIS 767,2009,110,SGBreyer,2,2,9,0,1,2,55,0,2
73452,2010 U.S. LEXIS 767,2009,112,SAAlito,2,2,9,0,1,2,55,0,2
73453,2010 U.S. LEXIS 767,2009,113,SSotomayor,2,2,9,0,1,2,55,0,2
73508,2010 U.S. LEXIS 761,2009,111,JGRoberts,2,2,7,2,1,2,13,0,2
73512,2010 U.S. LEXIS 761,2009,108,CThomas,1,1,7,2,1,2,13,0,2
73513,2010 U.S. LEXIS 761,2009,109,RBGinsburg,2,2,7,2,1,2,13,0,2
73514,2010 U.S. LEXIS 761,2009,110,SGBreyer,2,2,7,2,1,2,13,0,2
73515,2010 U.S. LEXIS 761,2009,112,SAAlito,2,2,7,2,1,2,13,0,2
73516,2010 U.S. LEXIS 761,2009,113,SSotomayor,2,2,7,2,1,2,13,0,2
73553,2010 U.S. LEXIS 1899,2009,111,JGRoberts,1,2,9,0,1,1,25,0,2
73557,2010 U.S. LEXIS 1899,2009,108,CThomas,1,2,9,0,1,1,25,0,2
73558,2010 U.S. LEXIS 1899,2009,109,RBGinsburg,1,2,9,0,1,1,25,0,2
73559,2010 U.S. LEXIS 1899,2009,110,SGBreyer,1,2,9,0,1,1,25,0,2
73560,2010 U.S. LEXIS 1899,2009,112,SAAlito,1,2,9,0,1,1,25,0,2
73561,2010 U.S. LEXIS 1899,2009,113,SSotomayor,1,2,9,0,1,1,25,0,2
73571,2010 U.S. LEXIS 1898,2009,111,JGRoberts,1,2,7,2,1,1,12,0,2
73575,2010 U.S. LEXIS 1898,2009,108,CThomas,1,2,7,2,1,1,12,0,2
73576,2010 U.S. LEXIS 1898,2009,109,RBGinsburg,1,2,7,2,1,1,12,0,2
73577,2010 U.S. LEXIS 1898,2009,110,SGBreyer,2,1,7,2,1,1,12,0,2
73578,2010 U.S. LEXIS 1898,2009,112,SAAlito,1,2,7,2,1,1,12,0,2
73579,2010 U.S. LEXIS 1898,2009,113,SSotomayor,1,2,7,2,1,1,12,0,2
73661,2010 U.S. LEXIS 2928,2009,111,JGRoberts,2,2,7,2,1,2,21,0,2
73665,2010 U.S. LEXIS 2928,2009,108,CThomas,1,1,7,2,1,2,21,0,2
73666,2010 U.S. LEXIS 2928,2009,109,RBGinsburg,2,2,7,2,1,2,21,0,2
73667,2010 U.S. LEXIS 2928,2009,110,SGBreyer,2,2,7,2,1,2,21,0,2
73668,2010 U.S. LEXIS 2928,2009,112,SAAlito,2,2,7,2,1,2,21,0,2
73669,2010 U.S. LEXIS 2928,2009,113,SSotomayor,2,2,7,2,1,2,21,0,2
73796,2010 U.S. LEXIS 3881,2009,111,JGRoberts,2,2,6,3,1,2,12,0,2
73800,2010 U.S. LEXIS 3881,2009,108,CThomas,1,1,6,3,1,2,12,0,2
73801,2010 U.S. LEXIS 3881,2009,109,RBGinsburg,2,2,6,3,1,2,12,0,2
73802,2010 U.S. LEXIS 3881,2009,110,SGBreyer,2,2,6,3,1,2,12,0,2
73803,2010 U.S. LEXIS 3881,2009,112,SAAlito,1,1,6,3,1,2,12,0,2
73804,2010 U.S. LEXIS 3881,2009,113,SSotomayor,2,2,6,3,1,2,12,0,2
73814,2010 U.S. LEXIS 3878,2009,111,JGRoberts,1,2,9,0,1,1,12,0,2
73818,2010 U.S. LEXIS 3878,2009,108,CThomas,1,2,9,0,1,1,12,0,2
73819,2010 U.S. LEXIS 3878,2009,109,RBGinsburg,1,2,9,0,1,1,12,0,2
73820,2010 U.S. LEXIS 3878,2009,110,SGBreyer,1,2,9,0,1,1,12,0,2
73821,2010 U.S. LEXIS 3878,2009,112,SAAlito,1,2,9,0,1,1,12,0,2
73822,2010 U.S. LEXIS 3878,2009,113,SSotomayor,1,2,9,0,1,1,12,0,2
73868,2010 U.S. LEXIS 4169,2009,111,JGRoberts,2,1,5,4,1,1,10,0,2
73872,2010 U.S. LEXIS 4169,2009,108,CThomas,1,2,5,4,1,1,10,0,2
73873,2010 U.S. LEXIS 4169,2009,109,RBGinsburg,1,2,5,4,1,1,10,0,2
73874,2010 U.S. LEXIS 4169,2009,110,SGBreyer,1,2,5,4,1,1,10,0,2
73875,2010 U.S. LEXIS 4169,2009,112,SAAlito,1,2,5,4,1,1,10,0,2
73876,2010 U.S. LEXIS 4169,2009,113,SSotomayor,2,1,5,4,1,1,10,0,2
74012,2010 U.S. LEXIS 4971,2009,111,JGRoberts,2,2,8,0,4,2,12,0,2
74016,2010 U.S. LEXIS 4971,2009,108,CThomas,2,2,8,0,4,2,12,0,2
74017,2010 U.S. LEXIS 4971,2009,109,RBGinsburg,2,2,8,0,4,2,12,0,2
74018,2010 U.S. LEXIS 4971,2009,110,SGBreyer,2,2,8,0,4,2,12,0,2
74019,2010 U.S. LEXIS 4971,2009,112,SAAlito,2,2,8,0,4,2,12,0,2
74020,2010 U.S. LEXIS 4971,2009,113,SSotomayor,2,2,8,0,4,2,12,0,2
74178,2010 U.S. LEXIS 5540,2009,108,CThomas,1,1,5,2,1,2,13,0,2
74179,2010 U.S. LEXIS 5540,2009,109,RBGinsburg,2,2,5,2,1,2,13,0,2
74180,2010 U.S. LEXIS 5540,2009,110,SGBreyer,2,2,5,2,1,2,13,0,2
74182,2010 U.S. LEXIS 5540,2009,113,SSotomayor,2,2,5,2,1,2,13,0,2
74354,2011 U.S. LEXIS 1711,2010,111,JGRoberts,1,2,8,0,10,1,6,0,9
74357,2011 U.S. LEXIS 1711,2010,108,CThomas,1,2,8,0,10,1,6,0,9
74358,2011 U.S. LEXIS 1711,2010,109,RBGinsburg,1,2,8,0,10,1,6,0,9
74359,2011 U.S. LEXIS 1711,2010,110,SGBreyer,1,2,8,0,10,1,6,0,9
74360,2011 U.S. LEXIS 1711,2010,112,SAAlito,1,2,8,0,10,1,6,0,9
74361,2011 U.S. LEXIS 1711,2010,113,SSotomayor,1,2,8,0,10,1,6,0,9
74363,2011 U.S. LEXIS 1713,2010,111,JGRoberts,1,2,6,2,1,1,27,0,2
74366,2011 U.S. LEXIS 1713,2010,108,CThomas,1,2,6,2,1,1,27,0,2
74367,2011 U.S. LEXIS 1713,2010,109,RBGinsburg,2,1,6,2,1,1,27,0,2
74368,2011 U.S. LEXIS 1713,2010,110,SGBreyer,1,2,6,2,1,1,27,0,2
74369,2011 U.S. LEXIS 1713,2010,112,SAAlito,1,2,6,2,1,1,27,0,2
74370,2011 U.S. LEXIS 1713,2010,113,SSotomayor,1,2,6,2,1,1,27,0,2
74579,2011 U.S. LEXIS 3541,2010,111,JGRoberts,1,2,8,1,1,1,21,0,2
74582,2011 U.S. LEXIS 3541,2010,108,CThomas,1,2,8,1,1,1,21,0,2
74583,2011 U.S. LEXIS 3541,2010,109,RBGinsburg,2,1,8,1,1,1,21,0,2
74584,2011 U.S. LEXIS 3541,2010,110,SGBreyer,1,2,8,1,1,1,21,0,2
74585,2011 U.S. LEXIS 3541,2010,112,SAAlito,1,2,8,1,1,1,21,0,2
74586,2011 U.S. LEXIS 3541,2010,113,SSotomayor,1,2,8,1,1,1,21,0,2
74587,2011 U.S. LEXIS 3541,2010,114,EKagan,1,2,8,1,1,1,21,0,2
74759,2011 U.S. LEXIS 4379,2010,111,JGRoberts,1,2,9,0,3,1,33,0,2
74762,2011 U.S. LEXIS 4379,2010,108,CThomas,1,2,9,0,3,1,33,0,2
74763,2011 U.S. LEXIS 4379,2010,109,RBGinsburg,1,2,9,0,3,1,33,0,2
74764,2011 U.S. LEXIS 4379,2010,110,SGBreyer,1,2,9,0,3,1,33,0,2
74765,2011 U.S. LEXIS 4379,2010,112,SAAlito,1,2,9,0,3,1,33,0,2
74766,2011 U.S. LEXIS 4379,2010,113,SSotomayor,1,2,9,0,3,1,33,0,2
74767,2011 U.S. LEXIS 4379,2010,114,EKagan,1,2,9,0,3,1,33,0,2
74786,2011 U.S. LEXIS 4557,2010,111,JGRoberts,1,1,5,4,1,2,38,0,2
74789,2011 U.S. LEXIS 4557,2010,108,CThomas,1,1,5,4,1,2,38,0,2
74790,2011 U.S. LEXIS 4557,2010,109,RBGinsburg,2,2,5,4,1,2,38,0,2
74791,2011 U.S. LEXIS 4557,2010,110,SGBreyer,2,2,5,4,1,2,38,0,2
74792,2011 U.S. LEXIS 4557,2010,112,SAAlito,1,1,5,4,1,2,38,0,2
74793,2011 U.S. LEXIS 4557,2010,113,SSotomayor,2,2,5,4,1,2,38,0,2
74794,2011 U.S. LEXIS 4557,2010,114,EKagan,2,2,5,4,1,2,38,0,2
74840,2011 U.S. LEXIS 4566,2010,111,JGRoberts,1,1,5,4,1,2,48,0,2
74843,2011 U.S. LEXIS 4566,2010,108,CThomas,1,1,5,4,1,2,48,0,2
74844,2011 U.S. LEXIS 4566,2010,109,RBGinsburg,2,2,5,4,1,2,48,0,2
74845,2011 U.S. LEXIS 4566,2010,110,SGBreyer,2,2,5,4,1,2,48,0,2
74846,2011 U.S. LEXIS 4566,2010,112,SAAlito,1,1,5,4,1,2,48,0,2
74847,2011 U.S. LEXIS 4566,2010,113,SSotomayor,2,2,5,4,1,2,48,0,2
74848,2011 U.S. LEXIS 4566,2010,114,EKagan,2,2,5,4,1,2,48,0,2
74858,2011 U.S. LEXIS 4790,2010,111,JGRoberts,1,1,5,4,1,2,36,0,2
74861,2011 U.S. LEXIS 4790,2010,108,CThomas,2,2,5,4,1,2,36,0,2
74862,2011 U.S. LEXIS 4790,2010,109,RBGinsburg,2,2,5,4,1,2,36,0,2
74863,2011 U.S. LEXIS 4790,2010,110,SGBreyer,1,1,5,4,1,2,36,0,2
74864,2011 U.S. LEXIS 4790,2010,112,SAAlito,1,1,5,4,1,2,36,0,2
74865,2011 U.S. LEXIS 4790,2010,113,SSotomayor,2,2,5,4,1,2,36,0,2
74866,2011 U.S. LEXIS 4790,2010,114,EKagan,2,2,5,4,1,2,36,0,2
74903,2011 U.S. LEXIS 4801,2010,111,JGRoberts,2,2,9,0,4,2,38,0,2
74906,2011 U.S. LEXIS 4801,2010,108,CThomas,2,2,9,0,4,2,38,0,2
74907,2011 U.S. LEXIS 4801,2010,109,RBGinsburg,2,2,9,0,4,2,38,0,2
74908,2011 U.S. LEXIS 4801,2010,110,SGBreyer,2,2,9,0,4,2,38,0,2
74909,2011 U.S. LEXIS 4801,2010,112,SAAlito,2,2,9,0,4,2,38,0,2
74910,2011 U.S. LEXIS 4801,2010,113,SSotomayor,2,2,9,0,4,2,38,0,2
74911,2011 U.S. LEXIS 4801,2010,114,EKagan,2,2,9,0,4,2,38,0,2
74912,2011 U.S. LEXIS 4800,2010,111,JGRoberts,2,2,6,3,4,2,35,0,2
74915,2011 U.S. LEXIS 4800,2010,108,CThomas,2,2,6,3,4,2,35,0,2
74916,2011 U.S. LEXIS 4800,2010,109,RBGinsburg,1,1,6,3,4,2,35,0,2
74917,2011 U.S. LEXIS 4800,2010,110,SGBreyer,2,2,6,3,4,2,35,0,2
74918,2011 U.S. LEXIS 4800,2010,112,SAAlito,2,2,6,3,4,2,35,0,2
74919,2011 U.S. LEXIS 4800,2010,113,SSotomayor,1,1,6,3,4,2,35,0,2
74920,2011 U.S. LEXIS 4800,2010,114,EKagan,1,1,6,3,4,2,35,0,2
74948,2011 U.S. LEXIS 2593,2010,111,JGRoberts,1,2,9,0,9,1,37,0,9
74951,2011 U.S. LEXIS 2593,2010,108,CThomas,1,2,9,0,9,1,37,0,9
74952,2011 U.S. LEXIS 2593,2010,109,RBGinsburg,1,2,9,0,9,1,37,0,9
74953,2011 U.S. LEXIS 2593,2010,110,SGBreyer,1,2,9,0,9,1,37,0,9
74954,2011 U.S. LEXIS 2593,2010,112,SAAlito,1,2,9,0,9,1,37,0,9
74955,2011 U.S. LEXIS 2593,2010,113,SSotomayor,1,2,9,0,9,1,37,0,9
74956,2011 U.S. LEXIS 2593,2010,114,EKagan,1,2,9,0,9,1,37,0,9
74984,2011 U.S. LEXIS 7924,2011,111,JGRoberts,1,2,9,0,8,1,12,0,6
74987,2011 U.S. LEXIS 7924,2011,108,CThomas,1,2,9,0,8,1,12,0,6
74988,2011 U.S. LEXIS 7924,2011,109,RBGinsburg,1,2,9,0,8,1,12,0,6
74989,2011 U.S. LEXIS 7924,2011,110,SGBreyer,1,2,9,0,8,1,12,0,6
74990,2011 U.S. LEXIS 7924,2011,112,SAAlito,1,2,9,0,8,1,12,0,6
74991,2011 U.S. LEXIS 7924,2011,113,SSotomayor,1,2,9,0,8,1,12,0,6
74992,2011 U.S. LEXIS 7924,2011,114,EKagan,1,2,9,0,8,1,12,0,6
75020,2012 U.S. LEXIS 576,2011,111,JGRoberts,2,2,8,1,1,2,22,0,2
75023,2012 U.S. LEXIS 576,2011,108,CThomas,1,1,8,1,1,2,22,0,2
75024,2012 U.S. LEXIS 576,2011,109,RBGinsburg,2,2,8,1,1,2,22,0,2
75025,2012 U.S. LEXIS 576,2011,110,SGBreyer,2,2,8,1,1,2,22,0,2
75026,2012 U.S. LEXIS 576,2011,112,SAAlito,2,2,8,1,1,2,22,0,2
75027,2012 U.S. LEXIS 576,2011,113,SSotomayor,2,2,8,1,1,2,22,0,2
75028,2012 U.S. LEXIS 576,2011,114,EKagan,2,2,8,1,1,2,22,0,2
75029,2012 U.S. LEXIS 579,2011,111,JGRoberts,1,2,8,1,1,1,34,0,2
75032,2012 U.S. LEXIS 579,2011,108,CThomas,1,2,8,1,1,1,34,0,2
75033,2012 U.S. LEXIS 579,2011,109,RBGinsburg,1,2,8,1,1,1,34,0,2
75034,2012 U.S. LEXIS 579,2011,110,SGBreyer,1,2,8,1,1,1,34,0,2
75035,2012 U.S. LEXIS 579,2011,112,SAAlito,1,2,8,1,1,1,34,0,2
75036,2012 U.S. LEXIS 579,2011,113,SSotomayor,2,1,8,1,1,1,34,0,2
75037,2012 U.S. LEXIS 579,2011,114,EKagan,1,2,8,1,1,1,34,0,2
75173,2012 U.S. LEXIS 1076,2011,111,JGRoberts,1,2,9,0,8,1,57,0,6
75176,2012 U.S. LEXIS 1076,2011,108,CThomas,1,2,9,0,8,1,57,0,6
75177,2012 U.S. LEXIS 1076,2011,109,RBGinsburg,1,2,9,0,8,1,57,0,6
75178,2012 U.S. LEXIS 1076,2011,110,SGBreyer,1,2,9,0,8,1,57,0,6
75179,2012 U.S. LEXIS 1076,2011,112,SAAlito,1,2,9,0,8,1,57,0,6
75180,2012 U.S. LEXIS 1076,2011,113,SSotomayor,1,2,9,0,8,1,57,0,6
75181,2012 U.S. LEXIS 1076,2011,114,EKagan,1,2,9,0,8,1,57,0,6
75191,2012 U.S. LEXIS 1686,2011,111,JGRoberts,1,2,9,0,8,1,31,0,9
75194,2012 U.S. LEXIS 1686,2011,108,CThomas,1,2,9,0,8,1,31,0,9
75195,2012 U.S. LEXIS 1686,2011,109,RBGinsburg,1,2,9,0,8,1,31,0,9
75196,2012 U.S. LEXIS 1686,2011,110,SGBreyer,1,2,9,0,8,1,31,0,9
75197,2012 U.S. LEXIS 1686,2011,112,SAAlito,1,2,9,0,8,1,31,0,9
75198,2012 U.S. LEXIS 1686,2011,113,SSotomayor,1,2,9,0,8,1,31,0,9
75199,2012 U.S. LEXIS 1686,2011,114,EKagan,1,2,9,0,8,1,31,0,9
75290,2012 U.S. LEXIS 2321,2011,111,JGRoberts,1,1,5,4,2,2,30,0,2
75293,2012 U.S. LEXIS 2321,2011,108,CThomas,1,1,5,4,2,2,30,0,2
75294,2012 U.S. LEXIS 2321,2011,109,RBGinsburg,2,2,5,4,2,2,30,0,2
75295,2012 U.S. LEXIS 2321,2011,110,SGBreyer,2,2,5,4,2,2,30,0,2
75296,2012 U.S. LEXIS 2321,2011,112,SAAlito,1,1,5,4,2,2,30,0,2
75297,2012 U.S. LEXIS 2321,2011,113,SSotomayor,2,2,5,4,2,2,30,0,2
75298,2012 U.S. LEXIS 2321,2011,114,EKagan,2,2,5,4,2,2,30,0,2
75452,2012 U.S. LEXIS 3941,2011,111,JGRoberts,1,2,6,3,1,1,4,0,2
75455,2012 U.S. LEXIS 3941,2011,108,CThomas,1,2,6,3,1,1,4,0,2
75456,2012 U.S. LEXIS 3941,2011,109,RBGinsburg,2,1,6,3,1,1,4,0,2
75457,2012 U.S. LEXIS 3941,2011,110,SGBreyer,1,2,6,3,1,1,4,0,2
75458,2012 U.S. LEXIS 3941,2011,112,SAAlito,1,2,6,3,1,1,4,0,2
75459,2012 U.S. LEXIS 3941,2011,113,SSotomayor,2,1,6,3,1,1,4,0,2
75460,2012 U.S. LEXIS 3941,2011,114,EKagan,2,1,6,3,1,1,4,0,2
75497,2012 U.S. LEXIS 4131,2011,111,JGRoberts,2,1,6,3,8,1,18,0,2
75500,2012 U.S. LEXIS 4131,2011,108,CThomas,1,2,6,3,8,1,18,0,2
75501,2012 U.S. LEXIS 4131,2011,109,RBGinsburg,1,2,6,3,8,1,18,0,2
75502,2012 U.S. LEXIS 4131,2011,110,SGBreyer,1,2,6,3,8,1,18,0,2
75503,2012 U.S. LEXIS 4131,2011,112,SAAlito,2,1,6,3,8,1,18,0,2
75504,2012 U.S. LEXIS 4131,2011,113,SSotomayor,1,2,6,3,8,1,18,0,2
75505,2012 U.S. LEXIS 4131,2011,114,EKagan,1,2,6,3,8,1,18,0,2
75551,2012 U.S. LEXIS 4658,2011,111,JGRoberts,1,2,5,4,1,1,17,0,2
75554,2012 U.S. LEXIS 4658,2011,108,CThomas,1,2,5,4,1,1,17,0,2
75555,2012 U.S. LEXIS 4658,2011,109,RBGinsburg,2,1,5,4,1,1,17,0,2
75556,2012 U.S. LEXIS 4658,2011,110,SGBreyer,1,2,5,4,1,1,17,0,2
75557,2012 U.S. LEXIS 4658,2011,112,SAAlito,1,2,5,4,1,1,17,0,2
75558,2012 U.S. LEXIS 4658,2011,113,SSotomayor,2,1,5,4,1,1,17,0,2
75559,2012 U.S. LEXIS 4658,2011,114,EKagan,2,1,5,4,1,1,17,0,2
75596,2012 U.S. LEXIS 4666,2011,111,JGRoberts,2,2,5,4,3,2,31,0,2
75599,2012 U.S. LEXIS 4666,2011,108,CThomas,2,2,5,4,3,2,31,0,2
75600,2012 U.S. LEXIS 4666,2011,109,RBGinsburg,1,1,5,4,3,2,31,0,2
75601,2012 U.S. LEXIS 4666,2011,110,SGBreyer,1,1,5,4,3,2,31,0,2
75602,2012 U.S. LEXIS 4666,2011,112,SAAlito,2,2,5,4,3,2,31,0,2
75603,2012 U.S. LEXIS 4666,2011,113,SSotomayor,1,1,5,4,3,2,31,0,2
75604,2012 U.S. LEXIS 4666,2011,114,EKagan,1,1,5,4,3,2,31,0,2
75605,2012 U.S. LEXIS 4873,2011,111,JGRoberts,1,1,5,4,1,2,1,0,2
75608,2012 U.S. LEXIS 4873,2011,108,CThomas,1,1,5,4,1,2,1,0,2
75609,2012 U.S. LEXIS 4873,2011,109,RBGinsburg,2,2,5,4,1,2,1,0,2
75610,2012 U.S. LEXIS 4873,2011,110,SGBreyer,2,2,5,4,1,2,1,0,2
75611,2012 U.S. LEXIS 4873,2011,112,SAAlito,1,1,5,4,1,2,1,0,2
75612,2012 U.S. LEXIS 4873,2011,113,SSotomayor,2,2,5,4,1,2,1,0,2
75613,2012 U.S. LEXIS 4873,2011,114,EKagan,2,2,5,4,1,2,1,0,2
75668,2012 U.S. LEXIS 8897,2012,111,JGRoberts,1,2,9,0,7,1,42,0,3
75671,2012 U.S. LEXIS 8897,2012,108,CThomas,1,2,9,0,7,1,42,0,3
75672,2012 U.S. LEXIS 8897,2012,109,RBGinsburg,1,2,9,0,7,1,42,0,3
75673,2012 U.S. LEXIS 8897,2012,110,SGBreyer,1,2,9,0,7,1,42,0,3
75674,2012 U.S. LEXIS 8897,2012,112,SAAlito,1,2,9,0,7,1,42,0,3
75675,2012 U.S. LEXIS 8897,2012,113,SSotomayor,1,2,9,0,7,1,42,0,3
75676,2012 U.S. LEXIS 8897,2012,114,EKagan,1,2,9,0,7,1,42,0,3
75776,2013 U.S. LEXIS 1121,2012,111,JGRoberts,1,2,9,0,1,1,12,0,2
75779,2013 U.S. LEXIS 1121,2012,108,CThomas,1,2,9,0,1,1,12,0,2
75780,2013 U.S. LEXIS 1121,2012,109,RBGinsburg,1,2,9,0,1,1,12,0,2
75781,2013 U.S. LEXIS 1121,2012,110,SGBreyer,1,2,9,0,1,1,12,0,2
75782,2013 U.S. LEXIS 1121,2012,112,SAAlito,1,2,9,0,1,1,12,0,2
75783,2013 U.S. LEXIS 1121,2012,113,SSotomayor,1,2,9,0,1,1,12,0,2
75784,2013 U.S. LEXIS 1121,2012,114,EKagan,1,2,9,0,1,1,12,0,2
75803,2013 U.S. LEXIS 1614,2012,111,JGRoberts,2,2,8,1,1,2,30,0,2
75806,2013 U.S. LEXIS 1614,2012,108,CThomas,2,2,8,1,1,2,30,0,2
75807,2013 U.S. LEXIS 1614,2012,109,RBGinsburg,2,2,8,1,1,2,30,0,2
75808,2013 U.S. LEXIS 1614,2012,110,SGBreyer,2,2,8,1,1,2,30,0,2
75809,2013 U.S. LEXIS 1614,2012,112,SAAlito,1,1,8,1,1,2,30,0,2
75810,2013 U.S. LEXIS 1614,2012,113,SSotomayor,2,2,8,1,1,2,30,0,2
75811,2013 U.S. LEXIS 1614,2012,114,EKagan,2,2,8,1,1,2,30,0,2
75902,2013 U.S. LEXIS 1612,2012,111,JGRoberts,1,2,9,0,10,1,51,0,6
75905,2013 U.S. LEXIS 1612,2012,108,CThomas,1,2,9,0,10,1,51,0,6
75906,2013 U.S. LEXIS 1612,2012,109,RBGinsburg,1,2,9,0,10,1,51,0,6
75907,2013 U.S. LEXIS 1612,2012,110,SGBreyer,1,2,9,0,10,1,51,0,6
75908,2013 U.S. LEXIS 1612,2012,112,SAAlito,1,2,9,0,10,1,51,0,6
75909,2013 U.S. LEXIS 1612,2012,113,SSotomayor,1,2,9,0,10,1,51,0,6
75910,2013 U.S. LEXIS 1612,2012,114,EKagan,1,2,9,0,10,1,51,0,6
75911,2013 U.S. LEXIS 2542,2012,111,JGRoberts,1,1,5,4,1,2,12,0,2
75914,2013 U.S. LEXIS 2542,2012,108,CThomas,2,2,5,4,1,2,12,0,2
75915,2013 U.S. LEXIS 2542,2012,109,RBGinsburg,2,2,5,4,1,2,12,0,2
75916,2013 U.S. LEXIS 2542,2012,110,SGBreyer,1,1,5,4,1,2,12,0,2
75917,2013 U.S. LEXIS 2542,2012,112,SAAlito,1,1,5,4,1,2,12,0,2
75918,2013 U.S. LEXIS 2542,2012,113,SSotomayor,2,2,5,4,1,2,12,0,2
75919,2013 U.S. LEXIS 2542,2012,114,EKagan,2,2,5,4,1,2,12,0,2
75974,2013 U.S. LEXIS 3160,2012,111,JGRoberts,1,1,5,4,1,2,30,0,2
75977,2013 U.S. LEXIS 3160,2012,108,CThomas,1,1,5,4,1,2,30,0,2
75978,2013 U.S. LEXIS 3160,2012,109,RBGinsburg,2,2,5,4,1,2,30,0,2
75979,2013 U.S. LEXIS 3160,2012,110,SGBreyer,1,1,5,4,1,2,30,0,2
75980,2013 U.S. LEXIS 3160,2012,112,SAAlito,1,1,5,4,1,2,30,0,2
75981,2013 U.S. LEXIS 3160,2012,113,SSotomayor,2,2,5,4,1,2,30,0,2
75982,2013 U.S. LEXIS 3160,2012,114,EKagan,2,2,5,4,1,2,30,0,2
76001,2013 U.S. LEXIS 3518,2012,111,JGRoberts,1,2,5,4,9,1,22,0,2
76004,2013 U.S. LEXIS 3518,2012,108,CThomas,1,2,5,4,9,1,22,0,2
76005,2013 U.S. LEXIS 3518,2012,109,RBGinsburg,2,1,5,4,9,1,22,0,2
76006,2013 U.S. LEXIS 3518,2012,110,SGBreyer,2,1,5,4,9,1,22,0,2
76007,2013 U.S. LEXIS 3518,2012,112,SAAlito,1,2,5,4,9,1,22,0,2
76008,2013 U.S. LEXIS 3518,2012,113,SSotomayor,2,1,5,4,9,1,22,0,2
76009,2013 U.S. LEXIS 3518,2012,114,EKagan,2,1,5,4,9,1,22,0,2
76010,2013 U.S. LEXIS 3520,2012,111,JGRoberts,2,2,9,0,10,2,34,0,6
76013,2013 U.S. LEXIS 3520,2012,108,CThomas,2,2,9,0,10,2,34,0,6
76014,2013 U.S. LEXIS 3520,2012,109,RBGinsburg,2,2,9,0,10,2,34,0,6
76015,2013 U.S. LEXIS 3520,2012,110,SGBreyer,2,2,9,0,10,2,34,0,6
76016,2013 U.S. LEXIS 3520,2012,112,SAAlito,2,2,9,0,10,2,34,0,6
76017,2013 U.S. LEXIS 3520,2012,113,SSotomayor,2,2,9,0,10,2,34,0,6
76018,2013 U.S. LEXIS 3520,2012,114,EKagan,2,2,9,0,10,2,34,0,6
76091,2013 U.S. LEXIS 4165,2012,111,JGRoberts,1,2,5,4,1,1,25,0,2
76094,2013 U.S. LEXIS 4165,2012,108,CThomas,1,2,5,4,1,1,25,0,2
76095,2013 U.S. LEXIS 4165,2012,109,RBGinsburg,2,1,5,4,1,1,25,0,2
76096,2013 U.S. LEXIS 4165,2012,110,SGBreyer,1,2,5,4,1,1,25,0,2
76097,2013 U.S. LEXIS 4165,2012,112,SAAlito,1,2,5,4,1,1,25,0,2
76098,2013 U.S. LEXIS 4165,2012,113,SSotomayor,2,1,5,4,1,1,25,0,2
76099,2013 U.S. LEXIS 4165,2012,114,EKagan,2,1,5,4,1,1,25,0,2
76100,2013 U.S. LEXIS 4167,2012,111,JGRoberts,2,2,9,0,10,2,55,0,6
76103,2013 U.S. LEXIS 4167,2012,108,CThomas,2,2,9,0,10,2,55,0,6
76104,2013 U.S. LEXIS 4167,2012,109,RBGinsburg,2,2,9,0,10,2,55,0,6
76105,2013 U.S. LEXIS 4167,2012,110,SGBreyer,2,2,9,0,10,2,55,0,6
76106,2013 U.S. LEXIS 4167,2012,112,SAAlito,2,2,9,0,10,2,55,0,6
76107,2013 U.S. LEXIS 4167,2012,113,SSotomayor,2,2,9,0,10,2,55,0,6
76108,2013 U.S. LEXIS 4167,2012,114,EKagan,2,2,9,0,10,2,55,0,6
76181,2013 U.S. LEXIS 4697,2012,111,JGRoberts,1,2,5,4,1,1,51,0,2
76184,2013 U.S. LEXIS 4697,2012,108,CThomas,1,2,5,4,1,1,51,0,2
76185,2013 U.S. LEXIS 4697,2012,109,RBGinsburg,2,1,5,4,1,1,51,0,2
76186,2013 U.S. LEXIS 4697,2012,110,SGBreyer,2,1,5,4,1,1,51,0,2
76187,2013 U.S. LEXIS 4697,2012,112,SAAlito,1,2,5,4,1,1,51,0,2
76188,2013 U.S. LEXIS 4697,2012,113,SSotomayor,2,1,5,4,1,1,51,0,2
76189,2013 U.S. LEXIS 4697,2012,114,EKagan,2,1,5,4,1,1,51,0,2
76307,2013 U.S. LEXIS 4918,2012,111,JGRoberts,2,2,5,4,4,2,12,0,2
76310,2013 U.S. LEXIS 4918,2012,108,CThomas,2,2,5,4,4,2,12,0,2
76311,2013 U.S. LEXIS 4918,2012,109,RBGinsburg,1,1,5,4,4,2,12,0,2
76312,2013 U.S. LEXIS 4918,2012,110,SGBreyer,1,1,5,4,4,2,12,0,2
76313,2013 U.S. LEXIS 4918,2012,112,SAAlito,2,2,5,4,4,2,12,0,2
76314,2013 U.S. LEXIS 4918,2012,113,SSotomayor,1,1,5,4,4,2,12,0,2
76315,2013 U.S. LEXIS 4918,2012,114,EKagan,1,1,5,4,4,2,12,0,2
76316,2013 U.S. LEXIS 4916,2012,111,JGRoberts,1,2,5,4,2,1,48,0,6
76319,2013 U.S. LEXIS 4916,2012,108,CThomas,1,2,5,4,2,1,48,0,6
76320,2013 U.S. LEXIS 4916,2012,109,RBGinsburg,2,1,5,4,2,1,48,0,6
76321,2013 U.S. LEXIS 4916,2012,110,SGBreyer,1,2,5,4,2,1,48,0,6
76322,2013 U.S. LEXIS 4916,2012,112,SAAlito,1,2,5,4,2,1,48,0,6
76323,2013 U.S. LEXIS 4916,2012,113,SSotomayor,2,1,5,4,2,1,48,0,6
76324,2013 U.S. LEXIS 4916,2012,114,EKagan,2,1,5,4,2,1,48,0,6
76433,2013 U.S. LEXIS 9020,2013,111,JGRoberts,1,2,9,0,1,1,20,0,2
76436,2013 U.S. LEXIS 9020,2013,108,CThomas,1,2,9,0,1,1,20,0,2
76437,2013 U.S. LEXIS 9020,2013,109,RBGinsburg,1,2,9,0,1,1,20,0,2
76438,2013 U.S. LEXIS 9020,2013,110,SGBreyer,1,2,9,0,1,1,20,0,2
76439,2013 U.S. LEXIS 9020,2013,112,SAAlito,1,2,9,0,1,1,20,0,2
76440,2013 U.S. LEXIS 9020,2013,113,SSotomayor,1,2,9,0,1,1,20,0,2
76441,2013 U.S. LEXIS 9020,2013,114,EKagan,1,2,9,0,1,1,20,0,2
76505,2014 U.S. LEXIS 798,2013,111,JGRoberts,2,2,6,3,3,2,7,0,6
76508,2014 U.S. LEXIS 798,2013,108,CThomas,1,1,6,3,3,2,7,0,6
76509,2014 U.S. LEXIS 798,2013,109,RBGinsburg,2,2,6,3,3,2,7,0,6
76510,2014 U.S. LEXIS 798,2013,110,SGBreyer,2,2,6,3,3,2,7,0,6
76511,2014 U.S. LEXIS 798,2013,112,SAAlito,2,2,6,3,3,2,7,0,6
76512,2014 U.S. LEXIS 798,2013,113,SSotomayor,2,2,6,3,3,2,7,0,6
76513,2014 U.S. LEXIS 798,2013,114,EKagan,1,1,6,3,3,2,7,0,6
76514,2014 U.S. LEXIS 1012,2013,111,JGRoberts,2,2,9,0,2,2,1,0,2
76517,2014 U.S. LEXIS 1012,2013,108,CThomas,2,2,9,0,2,2,1,0,2
76518,2014 U.S. LEXIS 1012,2013,109,RBGinsburg,2,2,9,0,2,2,1,0,2
76519,2014 U.S. LEXIS 1012,2013,110,SGBreyer,2,2,9,0,2,2,1,0,2
76520,2014 U.S. LEXIS 1012,2013,112,SAAlito,2,2,9,0,2,2,1,0,2
76521,2014 U.S. LEXIS 1012,2013,113,SSotomayor,2,2,9,0,2,2,1,0,2
76522,2014 U.S. LEXIS 1012,2013,114,EKagan,2,2,9,0,2,2,1,0,2
76532,2014 U.S. LEXIS 1636,2013,111,JGRoberts,1,2,6,3,1,1,6,0,2
76535,2014 U.S. LEXIS 1636,2013,108,CThomas,1,2,6,3,1,1,6,0,2
76536,2014 U.S. LEXIS 1636,2013,109,RBGinsburg,2,1,6,3,1,1,6,0,2
76537,2014 U.S. LEXIS 1636,2013,110,SGBreyer,1,2,6,3,1,1,6,0,2
76538,2014 U.S. LEXIS 1636,2013,112,SAAlito,1,2,6,3,1,1,6,0,2
76539,2014 U.S. LEXIS 1636,2013,113,SSotomayor,2,1,6,3,1,1,6,0,2
76540,2014 U.S. LEXIS 1636,2013,114,EKagan,2,1,6,3,1,1,6,0,2
76676,2014 U.S. LEXIS 2930,2013,111,JGRoberts,1,2,5,4,1,1,6,0,2
76679,2014 U.S. LEXIS 2930,2013,108,CThomas,1,2,5,4,1,1,6,0,2
76680,2014 U.S. LEXIS 2930,2013,109,RBGinsburg,2,1,5,4,1,1,6,0,2
76681,2014 U.S. LEXIS 2930,2013,110,SGBreyer,1,2,5,4,1,1,6,0,2
76682,2014 U.S. LEXIS 2930,2013,112,SAAlito,1,2,5,4,1,1,6,0,2
76683,2014 U.S. LEXIS 2930,2013,113,SSotomayor,2,1,5,4,1,1,6,0,2
76684,2014 U.S. LEXIS 2930,2013,114,EKagan,2,1,5,4,1,1,6,0,2
76766,2014 U.S. LEXIS 3615,2013,111,JGRoberts,1,1,5,4,1,2,12,0,2
76769,2014 U.S. LEXIS 3615,2013,108,CThomas,1,1,5,4,1,2,12,0,2
76770,2014 U.S. LEXIS 3615,2013,109,RBGinsburg,2,2,5,4,1,2,12,0,2
76771,2014 U.S. LEXIS 3615,2013,110,SGBreyer,2,2,5,4,1,2,12,0,2
76772,2014 U.S. LEXIS 3615,2013,112,SAAlito,1,1,5,4,1,2,12,0,2
76773,2014 U.S. LEXIS 3615,2013,113,SSotomayor,2,2,5,4,1,2,12,0,2
76774,2014 U.S. LEXIS 3615,2013,114,EKagan,2,2,5,4,1,2,12,0,2
76802,2014 U.S. LEXIS 3613,2013,111,JGRoberts,2,2,9,0,1,2,17,0,2
76805,2014 U.S. LEXIS 3613,2013,108,CThomas,2,2,9,0,1,2,17,0,2
76806,2014 U.S. LEXIS 3613,2013,109,RBGinsburg,2,2,9,0,1,2,17,0,2
76807,2014 U.S. LEXIS 3613,2013,110,SGBreyer,2,2,9,0,1,2,17,0,2
76808,2014 U.S. LEXIS 3613,2013,112,SAAlito,2,2,9,0,1,2,17,0,2
76809,2014 U.S. LEXIS 3613,2013,113,SSotomayor,2,2,9,0,1,2,17,0,2
76810,2014 U.S. LEXIS 3613,2013,114,EKagan,2,2,9,0,1,2,17,0,2
76937,2014 U.S. LEXIS 4497,2013,111,JGRoberts,2,2,9,0,1,2,6,0,2
76940,2014 U.S. LEXIS 4497,2013,108,CThomas,2,2,9,0,1,2,6,0,2
76941,2014 U.S. LEXIS 4497,2013,109,RBGinsburg,2,2,9,0,1,2,6,0,2
76942,2014 U.S. LEXIS 4497,2013,110,SGBreyer,2,2,9,0,1,2,6,0,2
76943,2014 U.S. LEXIS 4497,2013,112,SAAlito,2,2,9,0,1,2,6,0,2
76944,2014 U.S. LEXIS 4497,2013,113,SSotomayor,2,2,9,0,1,2,6,0,2
76945,2014 U.S. LEXIS 4497,2013,114,EKagan,2,2,9,0,1,2,6,0,2
77036,2014 U.S. LEXIS 8306,2014,111,JGRoberts,1,2,8,1,1,1,38,0,2
77039,2014 U.S. LEXIS 8306,2014,108,CThomas,1,2,8,1,1,1,38,0,2
77040,2014 U.S. LEXIS 8306,2014,109,RBGinsburg,1,2,8,1,1,1,38,0,2
77041,2014 U.S. LEXIS 8306,2014,110,SGBreyer,1,2,8,1,1,1,38,0,2
77042,2014 U.S. LEXIS 8306,2014,112,SAAlito,1,2,8,1,1,1,38,0,2
77043,2014 U.S. LEXIS 8306,2014,113,SSotomayor,2,1,8,1,1,1,38,0,2
77044,2014 U.S. LEXIS 8306,2014,114,EKagan,1,2,8,1,1,1,38,0,2
77198,2015 U.S. LEXIS 3404,2014,111,JGRoberts,1,2,5,4,8,1,25,0,1
77201,2015 U.S. LEXIS 3404,2014,108,CThomas,2,1,5,4,8,1,25,0,1
77202,2015 U.S. LEXIS 3404,2014,109,RBGinsburg,2,1,5,4,8,1,25,0,1
77203,2015 U.S. LEXIS 3404,2014,110,SGBreyer,1,2,5,4,8,1,25,0,1
77204,2015 U.S. LEXIS 3404,2014,112,SAAlito,1,2,5,4,8,1,25,0,1
77205,2015 U.S. LEXIS 3404,2014,113,SSotomayor,1,2,5,4,8,1,25,0,1
77206,2015 U.S. LEXIS 3404,2014,114,EKagan,2,1,5,4,8,1,25,0,1
77423,2015 U.S. LEXIS 4060,2014,111,JGRoberts,1,2,9,0,1,1,41,0,2
77426,2015 U.S. LEXIS 4060,2014,108,CThomas,1,2,9,0,1,1,41,0,2
77427,2015 U.S. LEXIS 4060,2014,109,RBGinsburg,1,2,9,0,1,1,41,0,2
77428,2015 U.S. LEXIS 4060,2014,110,SGBreyer,1,2,9,0,1,1,41,0,2
77429,2015 U.S. LEXIS 4060,2014,112,SAAlito,1,2,9,0,1,1,41,0,2
77430,2015 U.S. LEXIS 4060,2014,113,SSotomayor,1,2,9,0,1,1,41,0,2
77431,2015 U.S. LEXIS 4060,2014,114,EKagan,1,2,9,0,1,1,41,0,2
77477,2015 U.S. LEXIS 2983,2014,111,JGRoberts,2,2,5,4,3,2,12,0,2
77480,2015 U.S. LEXIS 2983,2014,108,CThomas,1,1,5,4,3,2,12,0,2
77481,2015 U.S. LEXIS 2983,2014,109,RBGinsburg,2,2,5,4,3,2,12,0,2
77482,2015 U.S. LEXIS 2983,2014,110,SGBreyer,2,2,5,4,3,2,12,0,2
77483,2015 U.S. LEXIS 2983,2014,112,SAAlito,1,1,5,4,3,2,12,0,2
77484,2015 U.S. LEXIS 2983,2014,113,SSotomayor,2,2,5,4,3,2,12,0,2
77485,2015 U.S. LEXIS 2983,2014,114,EKagan,2,2,5,4,3,2,12,0,2
77648,2015 U.S. LEXIS 2124,2014,111,JGRoberts,2,2,9,0,1,2,38,0,2
77651,2015 U.S. LEXIS 2124,2014,108,CThomas,2,2,9,0,1,2,38,0,2
77652,2015 U.S. LEXIS 2124,2014,109,RBGinsburg,2,2,9,0,1,2,38,0,2
77653,2015 U.S. LEXIS 2124,2014,110,SGBreyer,2,2,9,0,1,2,38,0,2
77654,2015 U.S. LEXIS 2124,2014,112,SAAlito,2,2,9,0,1,2,38,0,2
77655,2015 U.S. LEXIS 2124,2014,113,SSotomayor,2,2,9,0,1,2,38,0,2
77656,2015 U.S. LEXIS 2124,2014,114,EKagan,2,2,9,0,1,2,38,0,2
77691,2015 U.S. LEXIS 7999,2015,111,JGRoberts,1,2,6,3,8,1,6,0,3
77694,2015 U.S. LEXIS 7999,2015,108,CThomas,2,1,6,3,8,1,6,0,3
77695,2015 U.S. LEXIS 7999,2015,109,RBGinsburg,2,1,6,3,8,1,6,0,3
77696,2015 U.S. LEXIS 7999,2015,110,SGBreyer,1,2,6,3,8,1,6,0,3
77697,2015 U.S. LEXIS 7999,2015,112,SAAlito,1,2,6,3,8,1,6,0,3
77698,2015 U.S. LEXIS 7999,2015,113,SSotomayor,2,1,6,3,8,1,6,0,3
77699,2015 U.S. LEXIS 7999,2015,114,EKagan,1,2,6,3,8,1,6,0,3
77700,2016 U.S. LEXIS 845,2015,111,JGRoberts,1,2,8,1,1,1,20,0,2
77703,2016 U.S. LEXIS 845,2015,108,CThomas,1,2,8,1,1,1,20,0,2
77704,2016 U.S. LEXIS 845,2015,109,RBGinsburg,1,2,8,1,1,1,20,0,2
77705,2016 U.S. LEXIS 845,2015,110,SGBreyer,1,2,8,1,1,1,20,0,2
77706,2016 U.S. LEXIS 845,2015,112,SAAlito,1,2,8,1,1,1,20,0,2
77707,2016 U.S. LEXIS 845,2015,113,SSotomayor,2,1,8,1,1,1,20,0,2
77708,2016 U.S. LEXIS 845,2015,114,EKagan,1,2,8,1,1,1,20,0,2
77709,2015 U.S. LEXIS 1942,2015,111,JGRoberts,2,2,6,3,1,2,22,0,2
77712,2015 U.S. LEXIS 1942,2015,108,CThomas,1,1,6,3,1,2,22,0,2
77713,2015 U.S. LEXIS 1942,2015,109,RBGinsburg,2,2,6,3,1,2,22,0,2
77714,2015 U.S. LEXIS 1942,2015,110,SGBreyer,2,2,6,3,1,2,22,0,2
77715,2015 U.S. LEXIS 1942,2015,112,SAAlito,1,1,6,3,1,2,22,0,2
77716,2015 U.S. LEXIS 1942,2015,113,SSotomayor,2,2,6,3,1,2,22,0,2
77717,2015 U.S. LEXIS 1942,2015,114,EKagan,2,2,6,3,1,2,22,0,2
77718,2016 U.S. LEXIS 619,2015,111,JGRoberts,2,2,8,1,1,2,12,1,2
77721,2016 U.S. LEXIS 619,2015,108,CThomas,2,2,8,1,1,2,12,1,2
77722,2016 U.S. LEXIS 619,2015,109,RBGinsburg,2,2,8,1,1,2,12,1,2
77723,2016 U.S. LEXIS 619,2015,110,SGBreyer,2,2,8,1,1,2,12,1,2
77724,2016 U.S. LEXIS 619,2015,112,SAAlito,1,1,8,1,1,2,12,1,2
77725,2016 U.S. LEXIS 619,2015,113,SSotomayor,2,2,8,1,1,2,12,1,2
77726,2016 U.S. LEXIS 619,2015,114,EKagan,2,2,8,1,1,2,12,1,2
77753,2016 U.S. LEXIS 3486,2015,111,JGRoberts,2,2,7,1,1,2,13,0,2
77755,2016 U.S. LEXIS 3486,2015,108,CThomas,1,1,7,1,1,2,13,0,2
77756,2016 U.S. LEXIS 3486,2015,109,RBGinsburg,2,2,7,1,1,2,13,0,2
77757,2016 U.S. LEXIS 3486,2015,110,SGBreyer,2,2,7,1,1,2,13,0,2
77758,2016 U.S. LEXIS 3486,2015,112,SAAlito,2,2,7,1,1,2,13,0,2
77759,2016 U.S. LEXIS 3486,2015,113,SSotomayor,2,2,7,1,1,2,13,0,2
77760,2016 U.S. LEXIS 3486,2015,114,EKagan,2,2,7,1,1,2,13,0,2
77878,2016 U.S. LEXIS 2796,2015,111,JGRoberts,2,1,6,2,8,1,33,0,1
77880,2016 U.S. LEXIS 2796,2015,108,CThomas,2,1,6,2,8,1,33,0,1
77881,2016 U.S. LEXIS 2796,2015,109,RBGinsburg,1,2,6,2,8,1,33,0,1
77882,2016 U.S. LEXIS 2796,2015,110,SGBreyer,1,2,6,2,8,1,33,0,1
77883,2016 U.S. LEXIS 2796,2015,112,SAAlito,1,2,6,2,8,1,33,0,1
77884,2016 U.S. LEXIS 2796,2015,113,SSotomayor,1,2,6,2,8,1,33,0,1
77885,2016 U.S. LEXIS 2796,2015,114,EKagan,1,2,6,2,8,1,33,0,1
77943,2016 U.S. LEXIS 3773,2015,111,JGRoberts,2,2,6,2,1,2,46,0,2
77945,2016 U.S. LEXIS 3773,2015,108,CThomas,2,2,6,2,1,2,46,0,2
77946,2016 U.S. LEXIS 3773,2015,109,RBGinsburg,2,2,6,2,1,2,46,0,2
77947,2016 U.S. LEXIS 3773,2015,110,SGBreyer,1,1,6,2,1,2,46,0,2
77948,2016 U.S. LEXIS 3773,2015,112,SAAlito,2,2,6,2,1,2,46,0,2
77949,2016 U.S. LEXIS 3773,2015,113,SSotomayor,1,1,6,2,1,2,46,0,2
77950,2016 U.S. LEXIS 3773,2015,114,EKagan,2,2,6,2,1,2,46,0,2
77983,2016 U.S. LEXIS 3926,2015,111,JGRoberts,1,2,5,3,1,1,52,0,2
77985,2016 U.S. LEXIS 3926,2015,108,CThomas,1,2,5,3,1,1,52,0,2
77986,2016 U.S. LEXIS 3926,2015,109,RBGinsburg,2,1,5,3,1,1,52,0,2
77987,2016 U.S. LEXIS 3926,2015,110,SGBreyer,1,2,5,3,1,1,52,0,2
77988,2016 U.S. LEXIS 3926,2015,112,SAAlito,1,2,5,3,1,1,52,0,2
77989,2016 U.S. LEXIS 3926,2015,113,SSotomayor,2,1,5,3,1,1,52,0,2
77990,2016 U.S. LEXIS 3926,2015,114,EKagan,2,1,5,3,1,1,52,0,2
78023,2016 U.S. LEXIS 3774,2015,111,JGRoberts,1,1,5,3,4,2,45,0,2
78025,2016 U.S. LEXIS 3774,2015,108,CThomas,1,1,5,3,4,2,45,0,2
78026,2016 U.S. LEXIS 3774,2015,109,RBGinsburg,2,2,5,3,4,2,45,0,2
78027,2016 U.S. LEXIS 3774,2015,110,SGBreyer,2,2,5,3,4,2,45,0,2
78028,2016 U.S. LEXIS 3774,2015,112,SAAlito,1,1,5,3,4,2,45,0,2
78029,2016 U.S. LEXIS 3774,2015,113,SSotomayor,2,2,5,3,4,2,45,0,2
78030,2016 U.S. LEXIS 3774,2015,114,EKagan,2,2,5,3,4,2,45,0,2
78079,2016 U.S. LEXIS 3349,2015,111,JGRoberts,1,2,8,0,1,1,31,0,2
78081,2016 U.S. LEXIS 3349,2015,108,CThomas,1,2,8,0,1,1,31,0,2
78082,2016 U.S. LEXIS 3349,2015,109,RBGinsburg,1,2,8,0,1,1,31,0,2
78083,2016 U.S. LEXIS 3349,2015,110,SGBreyer,1,2,8,0,1,1,31,0,2
78084,2016 U.S. LEXIS 3349,2015,112,SAAlito,1,2,8,0,1,1,31,0,2
78085,2016 U.S. LEXIS 3349,2015,113,SSotomayor,1,2,8,0,1,1,31,0,2
78086,2016 U.S. LEXIS 3349,2015,114,EKagan,1,2,8,0,1,1,31,0,2
78128,2016 U.S. LEXIS 947,2015,111,JGRoberts,2,2,9,0,6,2,16,0,9
78131,2016 U.S. LEXIS 947,2015,108,CThomas,2,2,9,0,6,2,16,0,9
78132,2016 U.S. LEXIS 947,2015,109,RBGinsburg,2,2,9,0,6,2,16,0,9
78133,2016 U.S. LEXIS 947,2015,110,SGBreyer,2,2,9,0,6,2,16,0,9
78134,2016 U.S. LEXIS 947,2015,112,SAAlito,2,2,9,0,6,2,16,0,9
78135,2016 U.S. LEXIS 947,2015,113,SSotomayor,2,2,9,0,6,2,16,0,9
78136,2016 U.S. LEXIS 947,2015,114,EKagan,2,2,9,0,6,2,16,0,9
78137,2016 U.S. LEXIS 1653,2015,111,JGRoberts,2,2,8,0,8,2,1,0,1
78139,2016 U.S. LEXIS 1653,2015,108,CThomas,2,2,8,0,8,2,1,0,1
78140,2016 U.S. LEXIS 1653,2015,109,RBGinsburg,2,2,8,0,8,2,1,0,1
78141,2016 U.S. LEXIS 1653,2015,110,SGBreyer,2,2,8,0,8,2,1,0,1
78142,2016 U.S. LEXIS 1653,2015,112,SAAlito,2,2,8,0,8,2,1,0,1
78143,2016 U.S. LEXIS 1653,2015,113,SSotomayor,2,2,8,0,8,2,1,0,1
78144,2016 U.S. LEXIS 1653,2015,114,EKagan,2,2,8,0,8,2,1,0,1
78145,2016 U.S. LEXIS 1654,2015,111,JGRoberts,2,2,6,2,1,2,22,0,2
78147,2016 U.S. LEXIS 1654,2015,108,CThomas,1,1,6,2,1,2,22,0,2
78148,2016 U.S. LEXIS 1654,2015,109,RBGinsburg,2,2,6,2,1,2,22,0,2
78149,2016 U.S. LEXIS 1654,2015,110,SGBreyer,2,2,6,2,1,2,22,0,2
78150,2016 U.S. LEXIS 1654,2015,112,SAAlito,1,1,6,2,1,2,22,0,2
78151,2016 U.S. LEXIS 1654,2015,113,SSotomayor,2,2,6,2,1,2,22,0,2
78152,2016 U.S. LEXIS 1654,2015,114,EKagan,2,2,6,2,1,2,22,0,2
78153,2016 U.S. LEXIS 1862,2015,111,JGRoberts,2,2,8,0,1,2,26,0,2
78155,2016 U.S. LEXIS 1862,2015,108,CThomas,2,2,8,0,1,2,26,0,2
78156,2016 U.S. LEXIS 1862,2015,109,RBGinsburg,2,2,8,0,1,2,26,0,2
78157,2016 U.S. LEXIS 1862,2015,110,SGBreyer,2,2,8,0,1,2,26,0,2
78158,2016 U.S. LEXIS 1862,2015,112,SAAlito,2,2,8,0,1,2,26,0,2
78159,2016 U.S. LEXIS 1862,2015,113,SSotomayor,2,2,8,0,1,2,26,0,2
78160,2016 U.S. LEXIS 1862,2015,114,EKagan,2,2,8,0,1,2,26,0,2
78209,2016 U.S. LEXIS 4058,2015,111,JGRoberts,2,2,7,1,1,2,39,0,2
78211,2016 U.S. LEXIS 4058,2015,108,CThomas,1,1,7,1,1,2,39,0,2
78212,2016 U.S. LEXIS 4058,2015,109,RBGinsburg,2,2,7,1,1,2,39,0,2
78213,2016 U.S. LEXIS 4058,2015,110,SGBreyer,2,2,7,1,1,2,39,0,2
78214,2016 U.S. LEXIS 4058,2015,112,SAAlito,2,2,7,1,1,2,39,0,2
78215,2016 U.S. LEXIS 4058,2015,113,SSotomayor,2,2,7,1,1,2,39,0,2
78216,2016 U.S. LEXIS 4058,2015,114,EKagan,2,2,7,1,1,2,39,0,2
78281,2016 U.S. LEXIS 3487,2015,111,JGRoberts,2,2,6,2,1,2,4,0,2
78283,2016 U.S. LEXIS 3487,2015,108,CThomas,1,1,6,2,1,2,4,0,2
78284,2016 U.S. LEXIS 3487,2015,109,RBGinsburg,2,2,6,2,1,2,4,0,2
78285,2016 U.S. LEXIS 3487,2015,110,SGBreyer,2,2,6,2,1,2,4,0,2
78286,2016 U.S. LEXIS 3487,2015,112,SAAlito,1,1,6,2,1,2,4,0,2
78287,2016 U.S. LEXIS 3487,2015,113,SSotomayor,2,2,6,2,1,2,4,0,2
78288,2016 U.S. LEXIS 3487,2015,114,EKagan,2,2,6,2,1,2,4,0,2
78297,2016 U.S. LEXIS 3051,2015,111,JGRoberts,1,2,6,2,1,1,6,0,6
78299,2016 U.S. LEXIS 3051,2015,108,CThomas,1,2,6,2,1,1,6,0,6
78300,2016 U.S. LEXIS 3051,2015,109,RBGinsburg,2,1,6,2,1,1,6,0,6
78301,2016 U.S. LEXIS 3051,2015,110,SGBreyer,1,2,6,2,1,1,6,0,6
78302,2016 U.S. LEXIS 3051,2015,112,SAAlito,1,2,6,2,1,1,6,0,6
78303,2016 U.S. LEXIS 3051,2015,113,SSotomayor,2,1,6,2,1,1,6,0,6
78304,2016 U.S. LEXIS 3051,2015,114,EKagan,1,2,6,2,1,1,6,0,6
78305,2015 U.S. LEXIS 4693,2015,111,JGRoberts,1,2,9,0,1,1,25,0,2
78308,2015 U.S. LEXIS 4693,2015,108,CThomas,1,2,9,0,1,1,25,0,2
78309,2015 U.S. LEXIS 4693,2015,109,RBGinsburg,1,2,9,0,1,1,25,0,2
78310,2015 U.S. LEXIS 4693,2015,110,SGBreyer,1,2,9,0,1,1,25,0,2
78311,2015 U.S. LEXIS 4693,2015,112,SAAlito,1,2,9,0,1,1,25,0,2
78312,2015 U.S. LEXIS 4693,2015,113,SSotomayor,1,2,9,0,1,1,25,0,2
78313,2015 U.S. LEXIS 4693,2015,114,EKagan,1,2,9,0,1,1,25,0,2
78323,2015 U.S. LEXIS 7998,2015,111,JGRoberts,1,2,9,0,1,1,21,0,2
78326,2015 U.S. LEXIS 7998,2015,108,CThomas,1,2,9,0,1,1,21,0,2
78327,2015 U.S. LEXIS 7998,2015,109,RBGinsburg,1,2,9,0,1,1,21,0,2
78328,2015 U.S. LEXIS 7998,2015,110,SGBreyer,1,2,9,0,1,1,21,0,2
78329,2015 U.S. LEXIS 7998,2015,112,SAAlito,1,2,9,0,1,1,21,0,2
78330,2015 U.S. LEXIS 7998,2015,113,SSotomayor,1,2,9,0,1,1,21,0,2
78331,2015 U.S. LEXIS 7998,2015,114,EKagan,1,2,9,0,1,1,21,0,2
78340,2017 U.S. LEXIS 1574,2016,111,JGRoberts,1,1,5,3,1,2,7,0,2
78342,2017 U.S. LEXIS 1574,2016,108,CThomas,1,1,5,3,1,2,7,0,2
78343,2017 U.S. LEXIS 1574,2016,109,RBGinsburg,2,2,5,3,1,2,7,0,2
78344,2017 U.S. LEXIS 1574,2016,110,SGBreyer,2,2,5,3,1,2,7,0,2
78345,2017 U.S. LEXIS 1574,2016,112,SAAlito,1,1,5,3,1,2,7,0,2
78346,2017 U.S. LEXIS 1574,2016,113,SSotomayor,2,2,5,3,1,2,7,0,2
78347,2017 U.S. LEXIS 1574,2016,114,EKagan,2,2,5,3,1,2,7,0,2
78456,2016 U.S. LEXIS 6030,2016,111,JGRoberts,2,2,8,0,1,2,42,0,1
78458,2016 U.S. LEXIS 6030,2016,108,CThomas,2,2,8,0,1,2,42,0,1
78459,2016 U.S. LEXIS 6030,2016,109,RBGinsburg,2,2,8,0,1,2,42,0,1
78460,2016 U.S. LEXIS 6030,2016,110,SGBreyer,2,2,8,0,1,2,42,0,1
78461,2016 U.S. LEXIS 6030,2016,112,SAAlito,2,2,8,0,1,2,42,0,1
78462,2016 U.S. LEXIS 6030,2016,113,SSotomayor,2,2,8,0,1,2,42,0,1
78463,2016 U.S. LEXIS 6030,2016,114,EKagan,2,2,8,0,1,2,42,0,1
78480,2017 U.S. LEXIS 2185,2016,111,JGRoberts,1,1,5,3,1,2,51,0,2
78482,2017 U.S. LEXIS 2185,2016,108,CThomas,1,1,5,3,1,2,51,0,2
78483,2017 U.S. LEXIS 2185,2016,109,RBGinsburg,2,2,5,3,1,2,51,0,2
78484,2017 U.S. LEXIS 2185,2016,110,SGBreyer,2,2,5,3,1,2,51,0,2
78485,2017 U.S. LEXIS 2185,2016,112,SAAlito,1,1,5,3,1,2,51,0,2
78486,2017 U.S. LEXIS 2185,2016,113,SSotomayor,2,2,5,3,1,2,51,0,2
78487,2017 U.S. LEXIS 2185,2016,114,EKagan,2,2,5,3,1,2,51,0,2
78513,2017 U.S. LEXIS 2615,2016,111,JGRoberts,2,2,7,1,4,2,7,0,2
78515,2017 U.S. LEXIS 2615,2016,108,CThomas,1,1,7,1,4,2,7,0,2
78516,2017 U.S. LEXIS 2615,2016,109,RBGinsburg,2,2,7,1,4,2,7,0,2
78517,2017 U.S. LEXIS 2615,2016,110,SGBreyer,2,2,7,1,4,2,7,0,2
78518,2017 U.S. LEXIS 2615,2016,112,SAAlito,2,2,7,1,4,2,7,0,2
78519,2017 U.S. LEXIS 2615,2016,113,SSotomayor,2,2,7,1,4,2,7,0,2
78520,2017 U.S. LEXIS 2615,2016,114,EKagan,2,2,7,1,4,2,7,0,2
78522,2017 U.S. LEXIS 2796,2016,111,JGRoberts,1,2,8,0,2,1,8,0,9
78524,2017 U.S. LEXIS 2796,2016,108,CThomas,1,2,8,0,2,1,8,0,9
78525,2017 U.S. LEXIS 2796,2016,109,RBGinsburg,1,2,8,0,2,1,8,0,9
78526,2017 U.S. LEXIS 2796,2016,110,SGBreyer,1,2,8,0,2,1,8,0,9
78527,2017 U.S. LEXIS 2796,2016,112,SAAlito,1,2,8,0,2,1,8,0,9
78528,2017 U.S. LEXIS 2796,2016,113,SSotomayor,1,2,8,0,2,1,8,0,9
78529,2017 U.S. LEXIS 2796,2016,114,EKagan,1,2,8,0,2,1,8,0,9
78608,2017 U.S. LEXIS 2948,2016,111,JGRoberts,1,2,7,1,8,1,21,0,3
78610,2017 U.S. LEXIS 2948,2016,108,CThomas,2,1,7,1,8,1,21,0,3
78611,2017 U.S. LEXIS 2948,2016,109,RBGinsburg,1,2,7,1,8,1,21,0,3
78612,2017 U.S. LEXIS 2948,2016,110,SGBreyer,1,2,7,1,8,1,21,0,3
78613,2017 U.S. LEXIS 2948,2016,112,SAAlito,1,2,7,1,8,1,21,0,3
78614,2017 U.S. LEXIS 2948,2016,113,SSotomayor,1,2,7,1,8,1,21,0,3
78615,2017 U.S. LEXIS 2948,2016,114,EKagan,1,2,7,1,8,1,21,0,3
78617,2017 U.S. LEXIS 3871,2016,111,JGRoberts,2,2,8,0,3,2,38,0,2
78619,2017 U.S. LEXIS 3871,2016,108,CThomas,2,2,8,0,3,2,38,0,2
78620,2017 U.S. LEXIS 3871,2016,109,RBGinsburg,2,2,8,0,3,2,38,0,2
78621,2017 U.S. LEXIS 3871,2016,110,SGBreyer,2,2,8,0,3,2,38,0,2
78622,2017 U.S. LEXIS 3871,2016,112,SAAlito,2,2,8,0,3,2,38,0,2
78623,2017 U.S. LEXIS 3871,2016,113,SSotomayor,2,2,8,0,3,2,38,0,2
78624,2017 U.S. LEXIS 3871,2016,114,EKagan,2,2,8,0,3,2,38,0,2
78643,2017 U.S. LEXIS 2614,2016,111,JGRoberts,2,2,8,0,10,2,30,0,6
78645,2017 U.S. LEXIS 2614,2016,108,CThomas,2,2,8,0,10,2,30,0,6
78646,2017 U.S. LEXIS 2614,2016,109,RBGinsburg,2,2,8,0,10,2,30,0,6
78647,2017 U.S. LEXIS 2614,2016,110,SGBreyer,2,2,8,0,10,2,30,0,6
78648,2017 U.S. LEXIS 2614,2016,112,SAAlito,2,2,8,0,10,2,30,0,6
78649,2017 U.S. LEXIS 2614,2016,113,SSotomayor,2,2,8,0,10,2,30,0,6
78650,2017 U.S. LEXIS 2614,2016,114,EKagan,2,2,8,0,10,2,30,0,6
78660,2017 U.S. LEXIS 4046,2016,111,JGRoberts,1,1,5,3,4,2,58,0,2
78662,2017 U.S. LEXIS 4046,2016,108,CThomas,1,1,5,3,4,2,58,0,2
78663,2017 U.S. LEXIS 4046,2016,109,RBGinsburg,2,2,5,3,4,2,58,0,2
78664,2017 U.S. LEXIS 4046,2016,110,SGBreyer,2,2,5,3,4,2,58,0,2
78665,2017 U.S. LEXIS 4046,2016,112,SAAlito,1,1,5,3,4,2,58,0,2
78666,2017 U.S. LEXIS 4046,2016,113,SSotomayor,2,2,5,3,4,2,58,0,2
78667,2017 U.S. LEXIS 4046,2016,114,EKagan,2,2,5,3,4,2,58,0,2
78669,2017 U.S. LEXIS 2946,2016,111,JGRoberts,2,2,8,0,10,2,4,0,6
78671,2017 U.S. LEXIS 2946,2016,108,CThomas,2,2,8,0,10,2,4,0,6
78672,2017 U.S. LEXIS 2946,2016,109,RBGinsburg,2,2,8,0,10,2,4,0,6
78673,2017 U.S. LEXIS 2946,2016,110,SGBreyer,2,2,8,0,10,2,4,0,6
78674,2017 U.S. LEXIS 2946,2016,112,SAAlito,2,2,8,0,10,2,4,0,6
78675,2017 U.S. LEXIS 2946,2016,113,SSotomayor,2,2,8,0,10,2,4,0,6
78676,2017 U.S. LEXIS 2946,2016,114,EKagan,2,2,8,0,10,2,4,0,6
78705,2017 U.S. LEXIS 3212,2016,111,JGRoberts,2,2,8,0,9,2,51,0,5
78707,2017 U.S. LEXIS 3212,2016,108,CThomas,2,2,8,0,9,2,51,0,5
78708,2017 U.S. LEXIS 3212,2016,109,RBGinsburg,2,2,8,0,9,2,51,0,5
78709,2017 U.S. LEXIS 3212,2016,110,SGBreyer,2,2,8,0,9,2,51,0,5
78710,2017 U.S. LEXIS 3212,2016,112,SAAlito,2,2,8,0,9,2,51,0,5
78711,2017 U.S. LEXIS 3212,2016,113,SSotomayor,2,2,8,0,9,2,51,0,5
78712,2017 U.S. LEXIS 3212,2016,114,EKagan,2,2,8,0,9,2,51,0,5
78741,2017 U.S. LEXIS 4041,2016,111,JGRoberts,1,2,6,2,1,1,10,0,9
78743,2017 U.S. LEXIS 4041,2016,108,CThomas,1,2,6,2,1,1,10,0,9
78744,2017 U.S. LEXIS 4041,2016,109,RBGinsburg,2,1,6,2,1,1,10,0,9
78745,2017 U.S. LEXIS 4041,2016,110,SGBreyer,1,2,6,2,1,1,10,0,9
78746,2017 U.S. LEXIS 4041,2016,112,SAAlito,1,2,6,2,1,1,10,0,9
78747,2017 U.S. LEXIS 4041,2016,113,SSotomayor,1,2,6,2,1,1,10,0,9
78748,2017 U.S. LEXIS 4041,2016,114,EKagan,2,1,6,2,1,1,10,0,9
78813,2017 U.S. LEXIS 4043,2016,111,JGRoberts,1,2,7,2,2,1,26,0,2
78815,2017 U.S. LEXIS 4043,2016,108,CThomas,1,2,7,2,2,1,26,0,2
78816,2017 U.S. LEXIS 4043,2016,109,RBGinsburg,1,2,7,2,2,1,26,0,2
78817,2017 U.S. LEXIS 4043,2016,110,SGBreyer,2,1,7,2,2,1,26,0,2
78818,2017 U.S. LEXIS 4043,2016,112,SAAlito,1,2,7,2,2,1,26,0,2
78819,2017 U.S. LEXIS 4043,2016,113,SSotomayor,1,2,7,2,2,1,26,0,2
78820,2017 U.S. LEXIS 4043,2016,114,EKagan,2,1,7,2,2,1,26,0,2
78821,2017 U.S. LEXIS 4043,2016,115,NMGorsuch,1,2,7,2,2,1,26,0,2
78840,2017 U.S. LEXIS 3873,2016,111,JGRoberts,1,2,8,1,4,1,6,0,2
78842,2017 U.S. LEXIS 3873,2016,108,CThomas,1,2,8,1,4,1,6,0,2
78843,2017 U.S. LEXIS 3873,2016,109,RBGinsburg,1,2,8,1,4,1,6,0,2
78844,2017 U.S. LEXIS 3873,2016,110,SGBreyer,1,2,8,1,4,1,6,0,2
78845,2017 U.S. LEXIS 3873,2016,112,SAAlito,1,2,8,1,4,1,6,0,2
78846,2017 U.S. LEXIS 3873,2016,113,SSotomayor,2,1,8,1,4,1,6,0,2
78847,2017 U.S. LEXIS 3873,2016,114,EKagan,1,2,8,1,4,1,6,0,2
78848,2017 U.S. LEXIS 3873,2016,115,NMGorsuch,1,2,8,1,4,1,6,0,2
78849,2017 U.S. LEXIS 3395,2016,111,JGRoberts,1,2,8,1,4,1,31,0,2
78851,2017 U.S. LEXIS 3395,2016,108,CThomas,1,2,8,1,4,1,31,0,2
78852,2017 U.S. LEXIS 3395,2016,109,RBGinsburg,1,2,8,1,4,1,31,0,2
78853,2017 U.S. LEXIS 3395,2016,110,SGBreyer,1,2,8,1,4,1,31,0,2
78854,2017 U.S. LEXIS 3395,2016,112,SAAlito,1,2,8,1,4,1,31,0,2
78855,2017 U.S. LEXIS 3395,2016,113,SSotomayor,2,1,8,1,4,1,31,0,2
78856,2017 U.S. LEXIS 3395,2016,114,EKagan,1,2,8,1,4,1,31,0,2
78857,2017 U.S. LEXIS 3395,2016,115,NMGorsuch,1,2,8,1,4,1,31,0,2
78884,2017 U.S. LEXIS 1571,2016,111,JGRoberts,2,2,8,0,4,2,33,0,2
78886,2017 U.S. LEXIS 1571,2016,108,CThomas,2,2,8,0,4,2,33,0,2
78887,2017 U.S. LEXIS 1571,2016,109,RBGinsburg,2,2,8,0,4,2,33,0,2
78888,2017 U.S. LEXIS 1571,2016,110,SGBreyer,2,2,8,0,4,2,33,0,2
78889,2017 U.S. LEXIS 1571,2016,112,SAAlito,2,2,8,0,4,2,33,0,2
78890,2017 U.S. LEXIS 1571,2016,113,SSotomayor,2,2,8,0,4,2,33,0,2
78891,2017 U.S. LEXIS 1571,2016,114,EKagan,2,2,8,0,4,2,33,0,2
78919,2017 U.S. LEXIS 4064,2016,111,JGRoberts,2,2,6,3,4,2,5,0,2
78921,2017 U.S. LEXIS 4064,2016,108,CThomas,1,1,6,3,4,2,5,0,2
78922,2017 U.S. LEXIS 4064,2016,109,RBGinsburg,2,2,6,3,4,2,5,0,2
78923,2017 U.S. LEXIS 4064,2016,110,SGBreyer,2,2,6,3,4,2,5,0,2
78924,2017 U.S. LEXIS 4064,2016,112,SAAlito,1,1,6,3,4,2,5,0,2
78925,2017 U.S. LEXIS 4064,2016,113,SSotomayor,2,2,6,3,4,2,5,0,2
78926,2017 U.S. LEXIS 4064,2016,114,EKagan,2,2,6,3,4,2,5,0,2
78927,2017 U.S. LEXIS 4064,2016,115,NMGorsuch,1,1,6,3,4,2,5,0,2
79036,2018 U.S. LEXIS 762,2017,111,JGRoberts,2,2,5,4,9,2,10,0,6
79038,2018 U.S. LEXIS 762,2017,108,CThomas,1,1,5,4,9,2,10,0,6
79039,2018 U.S. LEXIS 762,2017,109,RBGinsburg,2,2,5,4,9,2,10,0,6
79040,2018 U.S. LEXIS 762,2017,110,SGBreyer,2,2,5,4,9,2,10,0,6
79041,2018 U.S. LEXIS 762,2017,112,SAAlito,1,1,5,4,9,2,10,0,6
79042,2018 U.S. LEXIS 762,2017,113,SSotomayor,2,2,5,4,9,2,10,0,6
79043,2018 U.S. LEXIS 762,2017,114,EKagan,2,2,5,4,9,2,10,0,6
79044,2018 U.S. LEXIS 762,2017,115,NMGorsuch,1,1,5,4,9,2,10,0,6
79072,2018 U.S. LEXIS 1912,2017,111,JGRoberts,2,2,9,0,8,2,6,0,3
79074,2018 U.S. LEXIS 1912,2017,108,CThomas,2,2,9,0,8,2,6,0,3
79075,2018 U.S. LEXIS 1912,2017,109,RBGinsburg,2,2,9,0,8,2,6,0,3
79076,2018 U.S. LEXIS 1912,2017,110,SGBreyer,2,2,9,0,8,2,6,0,3
79077,2018 U.S. LEXIS 1912,2017,112,SAAlito,2,2,9,0,8,2,6,0,3
79078,2018 U.S. LEXIS 1912,2017,113,SSotomayor,2,2,9,0,8,2,6,0,3
79079,2018 U.S. LEXIS 1912,2017,114,EKagan,2,2,9,0,8,2,6,0,3
79080,2018 U.S. LEXIS 1912,2017,115,NMGorsuch,2,2,9,0,8,2,6,0,3
79081,2018 U.S. LEXIS 3386,2017,111,JGRoberts,1,2,7,2,2,1,7,0,2
79083,2018 U.S. LEXIS 3386,2017,108,CThomas,1,2,7,2,2,1,7,0,2
79084,2018 U.S. LEXIS 3386,2017,109,RBGinsburg,2,1,7,2,2,1,7,0,2
79085,2018 U.S. LEXIS 3386,2017,110,SGBreyer,1,2,7,2,2,1,7,0,2
79086,2018 U.S. LEXIS 3386,2017,112,SAAlito,1,2,7,2,2,1,7,0,2
79087,2018 U.S. LEXIS 3386,2017,113,SSotomayor,2,1,7,2,2,1,7,0,2
79088,2018 U.S. LEXIS 3386,2017,114,EKagan,1,2,7,2,2,1,7,0,2
79089,2018 U.S. LEXIS 3386,2017,115,NMGorsuch,1,2,7,2,2,1,7,0,2
79243,2018 U.S. LEXIS 2802,2017,111,JGRoberts,2,2,6,3,1,2,22,0,2
79245,2018 U.S. LEXIS 2802,2017,108,CThomas,1,1,6,3,1,2,22,0,2
79246,2018 U.S. LEXIS 2802,2017,109,RBGinsburg,2,2,6,3,1,2,22,0,2
79247,2018 U.S. LEXIS 2802,2017,110,SGBreyer,2,2,6,3,1,2,22,0,2
79248,2018 U.S. LEXIS 2802,2017,112,SAAlito,1,1,6,3,1,2,22,0,2
79249,2018 U.S. LEXIS 2802,2017,113,SSotomayor,2,2,6,3,1,2,22,0,2
79250,2018 U.S. LEXIS 2802,2017,114,EKagan,2,2,6,3,1,2,22,0,2
79251,2018 U.S. LEXIS 2802,2017,115,NMGorsuch,1,1,6,3,1,2,22,0,2
79270,2018 U.S. LEXIS 3841,2017,111,JGRoberts,1,2,5,4,1,1,55,0,2
79272,2018 U.S. LEXIS 3841,2017,108,CThomas,1,2,5,4,1,1,55,0,2
79273,2018 U.S. LEXIS 3841,2017,109,RBGinsburg,2,1,5,4,1,1,55,0,2
79274,2018 U.S. LEXIS 3841,2017,110,SGBreyer,2,1,5,4,1,1,55,0,2
79275,2018 U.S. LEXIS 3841,2017,112,SAAlito,1,2,5,4,1,1,55,0,2
79276,2018 U.S. LEXIS 3841,2017,113,SSotomayor,2,1,5,4,1,1,55,0,2
79277,2018 U.S. LEXIS 3841,2017,114,EKagan,2,1,5,4,1,1,55,0,2
79278,2018 U.S. LEXIS 3841,2017,115,NMGorsuch,1,2,5,4,1,1,55,0,2
79423,2018 U.S. LEXIS 3835,2017,111,JGRoberts,1,1,5,4,8,2,49,1,1
79425,2018 U.S. LEXIS 3835,2017,108,CThomas,2,2,5,4,8,2,49,1,1
79426,2018 U.S. LEXIS 3835,2017,109,RBGinsburg,2,2,5,4,8,2,49,1,1
79427,2018 U.S. LEXIS 3835,2017,110,SGBreyer,1,1,5,4,8,2,49,1,1
79428,2018 U.S. LEXIS 3835,2017,112,SAAlito,2,2,5,4,8,2,49,1,1
79429,2018 U.S. LEXIS 3835,2017,113,SSotomayor,1,1,5,4,8,2,49,1,1
79430,2018 U.S. LEXIS 3835,2017,114,EKagan,1,1,5,4,8,2,49,1,1
79431,2018 U.S. LEXIS 3835,2017,115,NMGorsuch,2,2,5,4,8,2,49,1,1
79468,2018 U.S. LEXIS 3085,2017,111,JGRoberts,2,2,7,2,2,2,56,0,9
79470,2018 U.S. LEXIS 3085,2017,108,CThomas,1,1,7,2,2,2,56,0,9
79471,2018 U.S. LEXIS 3085,2017,109,RBGinsburg,2,2,7,2,2,2,56,0,9
79472,2018 U.S. LEXIS 3085,2017,110,SGBreyer,2,2,7,2,2,2,56,0,9
79473,2018 U.S. LEXIS 3085,2017,112,SAAlito,1,1,7,2,2,2,56,0,9
79474,2018 U.S. LEXIS 3085,2017,113,SSotomayor,2,2,7,2,2,2,56,0,9
79475,2018 U.S. LEXIS 3085,2017,114,EKagan,2,2,7,2,2,2,56,0,9
79476,2018 U.S. LEXIS 3085,2017,115,NMGorsuch,2,2,7,2,2,2,56,0,9
79567,2018 U.S. LEXIS 3210,2017,111,JGRoberts,2,2,8,1,1,2,55,0,2
79569,2018 U.S. LEXIS 3210,2017,108,CThomas,2,2,8,1,1,2,55,0,2
79570,2018 U.S. LEXIS 3210,2017,109,RBGinsburg,2,2,8,1,1,2,55,0,2
79571,2018 U.S. LEXIS 3210,2017,110,SGBreyer,2,2,8,1,1,2,55,0,2
79572,2018 U.S. LEXIS 3210,2017,112,SAAlito,1,1,8,1,1,2,55,0,2
79573,2018 U.S. LEXIS 3210,2017,113,SSotomayor,2,2,8,1,1,2,55,0,2
79574,2018 U.S. LEXIS 3210,2017,114,EKagan,2,2,8,1,1,2,55,0,2
79575,2018 U.S. LEXIS 3210,2017,115,NMGorsuch,2,2,8,1,1,2,55,0,2
